日期,学生ID,消费类型,消费金额,支付方式
2026-03-01,S083,水果店,32.87,支付宝
2026-03-01,S062,超市,49.19,微信
2026-03-01,S103,打印复印,0.50,微信
2026-03-01,S038,饮料,6.29,校园卡
2026-03-01,S077,水果店,18.06,支付宝
2026-03-01,S043,超市,35.96,微信
2026-03-01,S024,饮料,5.58,银行卡
2026-03-01,S029,校园交通,3.46,微信
2026-03-01,S116,水果店,33.95,支付宝
2026-03-01,S108,图书文具,30.36,支付宝
2026-03-01,S034,超市,38.28,微信
2026-03-01,S015,食堂,11.38,微信
2026-03-02,S033,食堂,14.55,校园卡
2026-03-02,S038,图书文具,25.06,支付宝
2026-03-02,S030,打印复印,3.04,微信
2026-03-02,S093,食堂,16.88,校园卡
2026-03-02,S096,食堂,12.73,校园卡
2026-03-02,S066,食堂,27.16,微信
2026-03-02,S092,食堂,25.31,校园卡
2026-03-02,S091,食堂,23.34,微信
2026-03-02,S068,超市,36.52,微信
2026-03-02,S012,食堂,12.69,校园卡
2026-03-02,S118,食堂,18.47,微信
2026-03-02,S047,超市,38.34,支付宝
2026-03-02,S051,食堂,15.85,支付宝
2026-03-02,S090,食堂,16.05,校园卡
2026-03-02,S050,水果店,13.56,微信
2026-03-02,S073,图书文具,4.26,微信
2026-03-02,S016,水果店,9.74,支付宝
2026-03-03,S008,校园交通,1.00,校园卡
2026-03-03,S010,饮料,6.62,校园卡
2026-03-03,S094,食堂,7.94,微信
2026-03-03,S022,超市,12.93,微信
2026-03-03,S105,饮料,4.46,微信
2026-03-03,S109,超市,41.84,支付宝
2026-03-03,S023,食堂,17.01,校园卡
2026-03-03,S003,图书文具,23.77,微信
2026-03-03,S084,打印复印,0.50,校园卡
2026-03-03,S031,图书文具,3.00,微信
2026-03-03,S072,水果店,4.00,微信
2026-03-03,S052,校园交通,4.11,银行卡
2026-03-03,S111,超市,58.25,微信
2026-03-03,S027,饮料,2.98,微信
2026-03-03,S023,校园交通,2.87,校园卡
2026-03-03,S018,超市,6.00,支付宝
2026-03-03,S099,食堂,24.16,微信
2026-03-04,S082,超市,9.54,校园卡
2026-03-04,S065,食堂,26.00,校园卡
2026-03-04,S017,食堂,11.91,微信
2026-03-04,S008,水果店,28.31,支付宝
2026-03-04,S101,食堂,19.62,微信
2026-03-04,S101,食堂,16.35,校园卡
2026-03-04,S064,食堂,21.24,支付宝
2026-03-04,S005,超市,45.98,支付宝
2026-03-04,S088,图书文具,10.71,银行卡
2026-03-04,S094,饮料,2.30,支付宝
2026-03-04,S102,食堂,10.39,微信
2026-03-04,S055,体育健身,25.42,微信
2026-03-04,S031,食堂,31.65,校园卡
2026-03-04,S047,食堂,17.26,微信
2026-03-04,S111,图书文具,58.53,支付宝
2026-03-04,S057,水果店,16.84,微信
2026-03-04,S060,食堂,17.65,校园卡
2026-03-04,S040,超市,40.08,微信
2026-03-04,S042,打印复印,10.54,校园卡
2026-03-05,S047,食堂,21.73,支付宝
2026-03-05,S055,食堂,15.14,微信
2026-03-05,S046,图书文具,39.81,微信
2026-03-05,S002,打印复印,9.36,银行卡
2026-03-05,S032,食堂,12.47,校园卡
2026-03-05,S101,水果店,26.96,支付宝
2026-03-05,S061,食堂,20.16,支付宝
2026-03-05,S084,打印复印,3.71,校园卡
2026-03-05,S036,食堂,29.86,微信
2026-03-05,S103,超市,36.36,微信
2026-03-05,S003,食堂,15.11,校园卡
2026-03-05,S053,饮料,6.50,支付宝
2026-03-05,S109,饮料,4.37,校园卡
2026-03-05,S120,超市,38.76,校园卡
2026-03-05,S082,食堂,11.04,微信
2026-03-05,S025,超市,39.60,支付宝
2026-03-05,S025,食堂,28.37,微信
2026-03-05,S119,超市,6.00,校园卡
2026-03-05,S056,体育健身,38.60,校园卡
2026-03-06,S075,食堂,14.93,校园卡
2026-03-06,S089,饮料,10.50,校园卡
2026-03-06,S119,超市,44.88,支付宝
2026-03-06,S028,食堂,13.52,微信
2026-03-06,S078,食堂,7.89,支付宝
2026-03-06,S023,食堂,14.14,支付宝
2026-03-06,S087,超市,49.41,支付宝
2026-03-06,S102,食堂,14.86,微信
2026-03-06,S055,食堂,16.02,校园卡
2026-03-06,S119,食堂,11.57,微信
2026-03-06,S059,水果店,21.89,支付宝
2026-03-06,S061,打印复印,2.37,支付宝
2026-03-06,S102,超市,18.02,微信
2026-03-06,S110,超市,26.17,校园卡
2026-03-06,S010,食堂,14.64,校园卡
2026-03-06,S072,饮料,3.64,校园卡
2026-03-06,S041,食堂,15.68,微信
2026-03-06,S090,校园交通,3.58,支付宝
2026-03-06,S003,食堂,13.13,微信
2026-03-07,S039,超市,93.12,微信
2026-03-07,S010,超市,35.72,校园卡
2026-03-07,S045,体育健身,33.07,微信
2026-03-07,S016,体育健身,71.26,支付宝
2026-03-07,S013,饮料,8.96,支付宝
2026-03-07,S073,食堂,17.66,支付宝
2026-03-07,S061,水果店,24.65,微信
2026-03-07,S117,超市,44.96,微信
2026-03-07,S086,校园交通,3.60,校园卡
2026-03-07,S083,水果店,17.14,银行卡
2026-03-07,S105,食堂,12.54,微信
2026-03-08,S029,水果店,11.27,微信
2026-03-08,S078,体育健身,22.95,微信
2026-03-08,S103,水果店,20.71,微信
2026-03-08,S053,食堂,9.17,支付宝
2026-03-08,S070,饮料,3.35,校园卡
2026-03-08,S061,水果店,16.16,微信
2026-03-08,S082,食堂,14.60,微信
2026-03-08,S056,超市,48.47,校园卡
2026-03-08,S109,校园交通,4.14,支付宝
2026-03-08,S010,超市,38.08,支付宝
2026-03-09,S045,超市,33.54,微信
2026-03-09,S029,食堂,8.57,校园卡
2026-03-09,S020,饮料,5.85,微信
2026-03-09,S016,食堂,10.01,支付宝
2026-03-09,S044,食堂,16.84,校园卡
2026-03-09,S051,水果店,29.42,支付宝
2026-03-09,S057,食堂,25.71,校园卡
2026-03-09,S109,食堂,10.88,银行卡
2026-03-09,S100,图书文具,12.50,银行卡
2026-03-09,S059,打印复印,5.05,微信
2026-03-09,S016,食堂,18.90,校园卡
2026-03-09,S020,超市,17.38,微信
2026-03-09,S101,食堂,18.02,校园卡
2026-03-09,S016,体育健身,28.07,微信
2026-03-09,S063,食堂,12.96,校园卡
2026-03-09,S088,校园交通,3.47,支付宝
2026-03-09,S100,超市,30.02,微信
2026-03-10,S036,超市,39.07,校园卡
2026-03-10,S104,食堂,22.91,校园卡
2026-03-10,S076,食堂,22.56,微信
2026-03-10,S058,超市,33.85,校园卡
2026-03-10,S023,食堂,22.87,支付宝
2026-03-10,S015,图书文具,3.00,微信
2026-03-10,S053,超市,20.33,微信
2026-03-10,S077,食堂,12.56,校园卡
2026-03-10,S012,饮料,6.59,银行卡
2026-03-10,S119,食堂,11.49,校园卡
2026-03-10,S009,食堂,11.58,校园卡
2026-03-10,S075,打印复印,3.91,校园卡
2026-03-10,S060,饮料,4.41,支付宝
2026-03-10,S048,打印复印,9.66,支付宝
2026-03-10,S071,食堂,8.09,微信
2026-03-10,S099,食堂,28.67,校园卡
2026-03-10,S049,超市,53.07,支付宝
2026-03-11,S053,食堂,19.31,校园卡
2026-03-11,S062,校园交通,1.71,校园卡
2026-03-11,S085,校园交通,4.13,校园卡
2026-03-11,S033,校园交通,2.10,校园卡
2026-03-11,S034,超市,40.58,支付宝
2026-03-11,S005,图书文具,18.59,支付宝
2026-03-11,S061,食堂,12.23,微信
2026-03-11,S063,食堂,11.52,支付宝
2026-03-11,S117,食堂,20.70,校园卡
2026-03-11,S059,超市,27.36,微信
2026-03-11,S029,超市,32.33,银行卡
2026-03-11,S093,饮料,6.22,支付宝
2026-03-11,S074,图书文具,7.22,微信
2026-03-11,S095,食堂,12.18,支付宝
2026-03-11,S099,水果店,23.69,支付宝
2026-03-11,S041,校园交通,1.40,校园卡
2026-03-11,S078,食堂,15.34,微信
2026-03-11,S035,食堂,21.63,支付宝
2026-03-11,S040,食堂,22.86,校园卡
2026-03-12,S020,饮料,7.52,微信
2026-03-12,S036,食堂,25.86,支付宝
2026-03-12,S118,食堂,19.61,校园卡
2026-03-12,S035,食堂,17.63,校园卡
2026-03-12,S057,食堂,16.36,支付宝
2026-03-12,S002,食堂,14.90,微信
2026-03-12,S027,水果店,13.74,支付宝
2026-03-12,S072,食堂,19.53,支付宝
2026-03-12,S043,水果店,15.42,支付宝
2026-03-12,S108,超市,42.74,校园卡
2026-03-12,S097,食堂,14.24,微信
2026-03-12,S035,超市,21.72,微信
2026-03-12,S058,食堂,17.01,微信
2026-03-12,S010,食堂,15.36,支付宝
2026-03-12,S116,打印复印,2.09,支付宝
2026-03-12,S089,食堂,31.41,银行卡
2026-03-12,S033,食堂,14.71,校园卡
2026-03-12,S058,水果店,7.29,微信
2026-03-12,S079,食堂,16.81,支付宝
2026-03-13,S041,水果店,18.60,银行卡
2026-03-13,S084,水果店,12.28,校园卡
2026-03-13,S007,水果店,17.35,支付宝
2026-03-13,S071,食堂,20.53,校园卡
2026-03-13,S071,食堂,18.06,银行卡
2026-03-13,S046,打印复印,5.90,微信
2026-03-13,S043,饮料,10.75,微信
2026-03-13,S056,饮料,6.93,校园卡
2026-03-13,S080,打印复印,6.10,支付宝
2026-03-13,S073,食堂,20.90,微信
2026-03-13,S014,食堂,17.13,微信
2026-03-13,S117,食堂,27.02,微信
2026-03-13,S088,打印复印,2.05,校园卡
2026-03-13,S096,食堂,20.33,微信
2026-03-13,S027,食堂,9.61,校园卡
2026-03-13,S028,食堂,9.55,微信
2026-03-13,S029,超市,16.10,校园卡
2026-03-13,S014,食堂,32.37,微信
2026-03-14,S114,超市,49.52,微信
2026-03-14,S103,超市,12.04,微信
2026-03-14,S117,校园交通,3.39,校园卡
2026-03-14,S018,水果店,22.79,微信
2026-03-14,S010,食堂,14.12,校园卡
2026-03-14,S069,食堂,13.31,微信
2026-03-14,S085,超市,62.15,支付宝
2026-03-14,S035,食堂,18.37,校园卡
2026-03-14,S022,食堂,27.74,微信
2026-03-14,S002,图书文具,56.30,支付宝
2026-03-15,S071,体育健身,102.31,银行卡
2026-03-15,S007,校园交通,1.76,校园卡
2026-03-15,S116,超市,56.33,支付宝
2026-03-15,S069,水果店,23.06,校园卡
2026-03-15,S050,超市,32.82,支付宝
2026-03-15,S073,体育健身,118.55,微信
2026-03-15,S096,水果店,13.88,微信
2026-03-15,S092,水果店,32.67,微信
2026-03-15,S110,体育健身,80.87,支付宝
2026-03-15,S064,超市,25.68,银行卡
2026-03-15,S059,水果店,21.30,微信
2026-03-16,S020,超市,40.71,支付宝
2026-03-16,S041,食堂,11.78,校园卡
2026-03-16,S085,食堂,14.99,校园卡
2026-03-16,S038,图书文具,16.73,校园卡
2026-03-16,S040,校园交通,2.89,校园卡
2026-03-16,S033,食堂,14.48,校园卡
2026-03-16,S023,饮料,5.86,校园卡
2026-03-16,S031,食堂,15.48,支付宝
2026-03-16,S022,超市,20.12,校园卡
2026-03-16,S041,打印复印,6.56,支付宝
2026-03-16,S092,超市,21.93,校园卡
2026-03-16,S029,水果店,17.48,支付宝
2026-03-16,S093,水果店,19.36,微信
2026-03-16,S020,超市,6.05,支付宝
2026-03-16,S118,食堂,17.85,银行卡
2026-03-16,S059,打印复印,9.63,微信
2026-03-16,S013,饮料,8.24,支付宝
2026-03-17,S042,食堂,18.02,校园卡
2026-03-17,S009,校园交通,5.30,校园卡
2026-03-17,S046,图书文具,8.74,微信
2026-03-17,S004,水果店,29.35,微信
2026-03-17,S021,水果店,10.92,微信
2026-03-17,S012,水果店,20.11,校园卡
2026-03-17,S085,食堂,28.09,微信
2026-03-17,S050,食堂,21.98,支付宝
2026-03-17,S108,饮料,4.74,校园卡
2026-03-17,S047,食堂,21.88,校园卡
2026-03-17,S110,食堂,13.02,微信
2026-03-17,S097,超市,50.79,支付宝
2026-03-17,S082,图书文具,39.01,校园卡
2026-03-17,S071,超市,50.60,微信
2026-03-17,S042,打印复印,3.51,银行卡
2026-03-17,S052,水果店,11.73,银行卡
2026-03-17,S075,食堂,11.69,校园卡
2026-03-18,S076,食堂,10.54,微信
2026-03-18,S097,饮料,7.26,校园卡
2026-03-18,S045,食堂,8.27,校园卡
2026-03-18,S109,食堂,17.04,支付宝
2026-03-18,S023,校园交通,3.36,校园卡
2026-03-18,S012,体育健身,98.50,微信
2026-03-18,S099,打印复印,5.50,微信
2026-03-18,S033,校园交通,3.63,微信
2026-03-18,S005,校园交通,3.50,支付宝
2026-03-18,S035,打印复印,4.61,校园卡
2026-03-18,S001,水果店,11.75,校园卡
2026-03-18,S059,水果店,17.97,微信
2026-03-18,S101,食堂,15.24,微信
2026-03-18,S105,图书文具,8.43,微信
2026-03-18,S022,水果店,17.81,微信
2026-03-18,S033,饮料,3.33,校园卡
2026-03-18,S101,食堂,13.25,微信
2026-03-19,S088,体育健身,33.13,支付宝
2026-03-19,S088,校园交通,1.00,校园卡
2026-03-19,S083,食堂,13.03,校园卡
2026-03-19,S069,水果店,23.00,校园卡
2026-03-19,S029,饮料,4.33,校园卡
2026-03-19,S006,校园交通,2.19,校园卡
2026-03-19,S033,食堂,10.80,微信
2026-03-19,S055,食堂,9.64,银行卡
2026-03-19,S065,水果店,20.03,支付宝
2026-03-19,S039,食堂,9.60,微信
2026-03-19,S072,食堂,16.28,微信
2026-03-19,S073,超市,40.30,微信
2026-03-19,S012,校园交通,2.86,微信
2026-03-19,S089,超市,32.34,微信
2026-03-19,S013,超市,50.40,支付宝
2026-03-19,S013,食堂,12.31,校园卡
2026-03-19,S064,校园交通,2.34,微信
2026-03-20,S010,食堂,9.60,微信
2026-03-20,S037,超市,38.89,微信
2026-03-20,S047,食堂,17.68,支付宝
2026-03-20,S029,超市,54.54,银行卡
2026-03-20,S052,食堂,12.75,校园卡
2026-03-20,S069,食堂,19.44,校园卡
2026-03-20,S055,食堂,10.30,微信
2026-03-20,S012,食堂,10.01,支付宝
2026-03-20,S054,打印复印,1.89,校园卡
2026-03-20,S050,超市,26.43,支付宝
2026-03-20,S092,校园交通,5.98,银行卡
2026-03-20,S093,饮料,7.38,微信
2026-03-20,S015,食堂,20.13,微信
2026-03-20,S097,食堂,16.46,校园卡
2026-03-20,S073,食堂,10.21,校园卡
2026-03-20,S050,超市,9.57,微信
2026-03-20,S083,超市,48.86,支付宝
2026-03-20,S014,食堂,26.71,校园卡
2026-03-21,S109,超市,20.59,支付宝
2026-03-21,S084,饮料,7.65,校园卡
2026-03-21,S013,食堂,13.15,微信
2026-03-21,S035,图书文具,41.94,支付宝
2026-03-21,S024,体育健身,116.06,支付宝
2026-03-21,S119,食堂,15.97,银行卡
2026-03-21,S118,校园交通,3.67,微信
2026-03-21,S091,图书文具,19.63,支付宝
2026-03-21,S035,校园交通,3.91,校园卡
2026-03-21,S067,图书文具,25.37,校园卡
2026-03-21,S036,校园交通,4.19,支付宝
2026-03-22,S002,打印复印,9.70,校园卡
2026-03-22,S084,食堂,15.69,校园卡
2026-03-22,S111,水果店,40.62,支付宝
2026-03-22,S103,超市,19.28,银行卡
2026-03-22,S100,超市,41.90,支付宝
2026-03-22,S112,超市,60.72,支付宝
2026-03-22,S054,超市,44.44,银行卡
2026-03-22,S006,水果店,18.00,校园卡
2026-03-22,S076,校园交通,1.00,校园卡
2026-03-22,S037,超市,59.08,校园卡
2026-03-22,S045,水果店,15.86,微信
2026-03-23,S040,超市,42.09,校园卡
2026-03-23,S116,超市,50.10,支付宝
2026-03-23,S072,超市,16.55,微信
2026-03-23,S030,水果店,14.42,校园卡
2026-03-23,S047,校园交通,1.04,银行卡
2026-03-23,S018,饮料,8.99,微信
2026-03-23,S061,超市,28.15,微信
2026-03-23,S063,食堂,11.73,支付宝
2026-03-23,S120,食堂,5.65,银行卡
2026-03-23,S003,图书文具,18.78,校园卡
2026-03-23,S113,图书文具,42.45,支付宝
2026-03-23,S028,食堂,11.71,微信
2026-03-23,S074,超市,24.92,微信
2026-03-23,S021,食堂,14.25,微信
2026-03-23,S068,食堂,15.47,校园卡
2026-03-23,S054,校园交通,2.99,校园卡
2026-03-23,S087,食堂,5.39,微信
2026-03-23,S043,食堂,21.27,校园卡
2026-03-23,S091,打印复印,6.09,支付宝
2026-03-23,S100,图书文具,3.00,微信
2026-03-24,S051,饮料,4.88,微信
2026-03-24,S078,超市,21.67,支付宝
2026-03-24,S091,食堂,22.62,微信
2026-03-24,S076,打印复印,2.20,银行卡
2026-03-24,S003,食堂,8.96,校园卡
2026-03-24,S022,食堂,12.82,支付宝
2026-03-24,S075,校园交通,1.00,校园卡
2026-03-24,S030,超市,15.83,微信
2026-03-24,S031,食堂,30.08,微信
2026-03-24,S054,食堂,18.72,微信
2026-03-24,S034,食堂,15.35,微信
2026-03-24,S074,打印复印,2.66,校园卡
2026-03-24,S077,食堂,21.00,支付宝
2026-03-24,S093,超市,11.63,银行卡
2026-03-24,S071,食堂,20.01,微信
2026-03-24,S069,打印复印,2.72,支付宝
2026-03-24,S075,食堂,8.23,微信
2026-03-24,S080,食堂,14.39,微信
2026-03-24,S060,食堂,14.99,微信
2026-03-25,S076,饮料,7.96,支付宝
2026-03-25,S094,打印复印,9.10,支付宝
2026-03-25,S006,食堂,10.94,校园卡
2026-03-25,S045,食堂,14.32,校园卡
2026-03-25,S064,图书文具,68.79,支付宝
2026-03-25,S067,打印复印,0.50,微信
2026-03-25,S048,食堂,19.93,校园卡
2026-03-25,S084,超市,28.92,校园卡
2026-03-25,S110,食堂,14.37,支付宝
2026-03-25,S005,食堂,20.35,支付宝
2026-03-25,S118,超市,6.00,微信
2026-03-25,S052,超市,33.55,校园卡
2026-03-25,S073,水果店,11.59,支付宝
2026-03-25,S059,图书文具,38.64,支付宝
2026-03-25,S040,超市,43.86,校园卡
2026-03-25,S104,饮料,7.49,银行卡
2026-03-25,S050,食堂,10.42,银行卡
2026-03-25,S016,超市,48.47,支付宝
2026-03-25,S087,校园交通,3.28,银行卡
2026-03-26,S038,打印复印,3.47,校园卡
2026-03-26,S099,图书文具,29.71,微信
2026-03-26,S034,食堂,14.94,校园卡
2026-03-26,S027,食堂,11.25,微信
2026-03-26,S020,食堂,15.47,支付宝
2026-03-26,S022,打印复印,3.93,校园卡
2026-03-26,S091,超市,40.87,微信
2026-03-26,S058,食堂,18.94,校园卡
2026-03-26,S016,饮料,10.63,支付宝
2026-03-26,S004,食堂,22.65,微信
2026-03-26,S015,图书文具,57.06,微信
2026-03-26,S120,食堂,14.59,微信
2026-03-26,S003,食堂,21.39,银行卡
2026-03-26,S001,超市,60.09,银行卡
2026-03-26,S031,食堂,21.79,校园卡
2026-03-26,S023,食堂,12.10,微信
2026-03-26,S107,超市,30.44,支付宝
2026-03-27,S056,饮料,5.26,支付宝
2026-03-27,S103,食堂,14.41,微信
2026-03-27,S017,体育健身,17.30,微信
2026-03-27,S043,食堂,19.61,银行卡
2026-03-27,S102,打印复印,2.07,校园卡
2026-03-27,S049,食堂,7.12,支付宝
2026-03-27,S104,食堂,15.63,微信
2026-03-27,S022,食堂,22.02,校园卡
2026-03-27,S113,打印复印,7.57,支付宝
2026-03-27,S039,食堂,15.90,支付宝
2026-03-27,S101,食堂,15.84,微信
2026-03-27,S101,超市,35.32,校园卡
2026-03-27,S107,食堂,13.12,银行卡
2026-03-27,S068,食堂,14.46,校园卡
2026-03-27,S076,水果店,29.03,校园卡
2026-03-27,S119,饮料,4.63,校园卡
2026-03-27,S093,食堂,14.92,支付宝
2026-03-27,S060,超市,40.15,微信
2026-03-27,S049,食堂,17.07,校园卡
2026-03-28,S022,体育健身,64.52,银行卡
2026-03-28,S003,水果店,18.89,校园卡
2026-03-28,S071,食堂,23.10,支付宝
2026-03-28,S096,校园交通,6.10,支付宝
2026-03-28,S092,超市,26.38,微信
2026-03-28,S060,超市,41.78,微信
2026-03-28,S051,超市,25.58,银行卡
2026-03-28,S062,图书文具,40.25,支付宝
2026-03-28,S019,超市,42.96,微信
2026-03-28,S056,食堂,10.30,校园卡
2026-03-28,S062,水果店,6.27,微信
2026-03-29,S013,超市,28.25,支付宝
2026-03-29,S069,食堂,17.64,校园卡
2026-03-29,S112,体育健身,43.96,微信
2026-03-29,S003,食堂,15.81,支付宝
2026-03-29,S041,超市,11.43,微信
2026-03-29,S092,食堂,24.61,微信
2026-03-29,S071,食堂,13.59,支付宝
2026-03-29,S045,超市,24.48,微信
2026-03-29,S061,食堂,18.46,校园卡
2026-03-29,S060,超市,49.26,校园卡
2026-03-29,S033,体育健身,56.55,校园卡
2026-03-29,S011,超市,24.29,支付宝
2026-03-30,S010,饮料,7.70,支付宝
2026-03-30,S037,食堂,13.00,微信
2026-03-30,S013,超市,16.20,微信
2026-03-30,S096,校园交通,3.73,校园卡
2026-03-30,S009,饮料,7.48,微信
2026-03-30,S047,超市,42.40,微信
2026-03-30,S012,图书文具,39.22,银行卡
2026-03-30,S061,食堂,14.96,微信
2026-03-30,S018,图书文具,45.19,银行卡
2026-03-30,S073,食堂,18.88,微信
2026-03-30,S010,食堂,17.31,支付宝
2026-03-30,S039,食堂,14.72,校园卡
2026-03-30,S055,食堂,13.54,银行卡
2026-03-30,S079,水果店,8.37,微信
2026-03-30,S047,食堂,24.88,微信
2026-03-30,S073,水果店,31.56,微信
2026-03-31,S046,食堂,15.62,校园卡
2026-03-31,S119,食堂,15.74,支付宝
2026-03-31,S024,打印复印,1.40,支付宝
2026-03-31,S082,校园交通,4.31,微信
2026-03-31,S020,超市,30.35,校园卡
2026-03-31,S043,食堂,14.53,银行卡
2026-03-31,S074,食堂,17.26,支付宝
2026-03-31,S091,饮料,11.33,微信
2026-03-31,S102,食堂,7.12,校园卡
2026-03-31,S046,食堂,22.54,银行卡
2026-03-31,S114,图书文具,3.00,微信
2026-03-31,S046,超市,39.56,微信
2026-03-31,S012,水果店,5.66,校园卡
2026-03-31,S101,水果店,11.47,微信
2026-03-31,S021,打印复印,8.12,微信
2026-03-31,S031,食堂,9.64,校园卡
2026-03-31,S113,食堂,15.64,支付宝
2026-03-31,S058,校园交通,4.94,校园卡
2026-04-01,S075,食堂,23.09,微信
2026-04-01,S023,体育健身,89.58,微信
2026-04-01,S071,水果店,24.51,微信
2026-04-01,S109,图书文具,34.09,微信
2026-04-01,S077,食堂,13.16,微信
2026-04-01,S029,校园交通,3.96,支付宝
2026-04-01,S090,食堂,24.39,微信
2026-04-01,S020,食堂,12.01,校园卡
2026-04-01,S047,食堂,20.29,校园卡
2026-04-01,S056,校园交通,1.11,微信
2026-04-01,S099,食堂,16.05,校园卡
2026-04-01,S113,图书文具,33.65,支付宝
2026-04-01,S082,食堂,12.79,支付宝
2026-04-01,S045,食堂,6.36,支付宝
2026-04-01,S052,食堂,15.35,校园卡
2026-04-01,S064,食堂,10.07,支付宝
2026-04-01,S101,校园交通,2.20,校园卡
2026-04-01,S072,校园交通,4.68,校园卡
2026-04-01,S031,食堂,24.36,校园卡
2026-04-02,S036,饮料,14.07,支付宝
2026-04-02,S115,食堂,18.15,微信
2026-04-02,S006,水果店,17.60,微信
2026-04-02,S112,体育健身,8.72,微信
2026-04-02,S065,食堂,12.31,银行卡
2026-04-02,S058,图书文具,45.21,支付宝
2026-04-02,S058,图书文具,5.44,校园卡
2026-04-02,S078,饮料,4.68,微信
2026-04-02,S061,超市,8.75,微信
2026-04-02,S073,饮料,14.90,校园卡
2026-04-02,S073,打印复印,5.12,校园卡
2026-04-02,S091,饮料,8.31,微信
2026-04-02,S088,食堂,11.04,支付宝
2026-04-02,S117,食堂,22.10,银行卡
2026-04-02,S108,图书文具,28.28,微信
2026-04-02,S054,超市,36.33,微信
2026-04-02,S007,食堂,18.62,校园卡
2026-04-03,S087,图书文具,56.52,校园卡
2026-04-03,S048,饮料,7.78,支付宝
2026-04-03,S119,食堂,13.49,校园卡
2026-04-03,S120,水果店,27.58,微信
2026-04-03,S041,图书文具,28.13,校园卡
2026-04-03,S059,食堂,23.87,支付宝
2026-04-03,S047,水果店,40.14,支付宝
2026-04-03,S057,食堂,13.94,银行卡
2026-04-03,S003,超市,12.43,微信
2026-04-03,S083,食堂,19.62,支付宝
2026-04-03,S058,水果店,12.32,支付宝
2026-04-03,S047,超市,54.74,微信
2026-04-03,S088,超市,41.23,校园卡
2026-04-03,S054,饮料,7.29,微信
2026-04-03,S107,饮料,2.90,支付宝
2026-04-03,S014,校园交通,4.40,校园卡
2026-04-03,S066,饮料,12.63,微信
2026-04-03,S057,食堂,9.99,支付宝
2026-04-03,S034,水果店,9.95,微信
2026-04-03,S066,食堂,20.55,校园卡
2026-04-04,S047,食堂,23.86,微信
2026-04-04,S108,食堂,9.00,校园卡
2026-04-04,S036,超市,56.18,校园卡
2026-04-04,S032,饮料,7.08,微信
2026-04-04,S018,水果店,24.79,微信
2026-04-04,S042,超市,52.91,支付宝
2026-04-04,S095,图书文具,14.66,微信
2026-04-04,S021,食堂,10.32,微信
2026-04-04,S107,超市,29.71,微信
2026-04-04,S104,水果店,19.90,微信
2026-04-05,S077,打印复印,1.78,校园卡
2026-04-05,S039,图书文具,17.75,校园卡
2026-04-05,S054,图书文具,38.16,微信
2026-04-05,S120,超市,63.20,支付宝
2026-04-05,S084,食堂,18.16,校园卡
2026-04-05,S101,超市,47.08,微信
2026-04-05,S028,体育健身,54.96,校园卡
2026-04-05,S111,图书文具,17.87,校园卡
2026-04-05,S055,图书文具,6.63,微信
2026-04-05,S071,超市,54.42,微信
2026-04-06,S105,图书文具,14.03,校园卡
2026-04-06,S023,超市,32.06,微信
2026-04-06,S072,食堂,25.39,校园卡
2026-04-06,S100,食堂,12.73,校园卡
2026-04-06,S115,食堂,20.00,校园卡
2026-04-06,S030,打印复印,0.50,支付宝
2026-04-06,S023,水果店,15.72,支付宝
2026-04-06,S058,图书文具,74.58,支付宝
2026-04-06,S075,超市,24.35,微信
2026-04-06,S062,食堂,12.48,微信
2026-04-06,S106,食堂,19.11,微信
2026-04-06,S056,打印复印,0.66,校园卡
2026-04-06,S054,食堂,9.02,校园卡
2026-04-06,S058,食堂,11.37,校园卡
2026-04-06,S104,水果店,31.71,银行卡
2026-04-06,S002,超市,39.79,校园卡
2026-04-06,S096,食堂,13.78,校园卡
2026-04-06,S109,图书文具,24.64,支付宝
2026-04-07,S002,食堂,19.45,微信
2026-04-07,S084,打印复印,6.03,校园卡
2026-04-07,S024,超市,65.96,微信
2026-04-07,S047,食堂,21.11,支付宝
2026-04-07,S003,食堂,25.17,校园卡
2026-04-07,S088,超市,34.12,微信
2026-04-07,S090,食堂,19.07,支付宝
2026-04-07,S008,图书文具,28.04,支付宝
2026-04-07,S077,图书文具,44.79,支付宝
2026-04-07,S033,打印复印,0.50,支付宝
2026-04-07,S108,食堂,17.30,校园卡
2026-04-07,S063,图书文具,3.00,微信
2026-04-07,S060,超市,35.43,校园卡
2026-04-07,S031,食堂,30.93,微信
2026-04-07,S080,食堂,18.93,校园卡
2026-04-07,S088,图书文具,23.04,支付宝
2026-04-07,S083,食堂,15.93,校园卡
2026-04-08,S047,打印复印,7.55,微信
2026-04-08,S054,超市,63.15,微信
2026-04-08,S003,食堂,10.71,校园卡
2026-04-08,S028,水果店,10.59,微信
2026-04-08,S072,食堂,15.90,校园卡
2026-04-08,S088,超市,48.03,校园卡
2026-04-08,S109,水果店,23.88,校园卡
2026-04-08,S047,食堂,26.56,校园卡
2026-04-08,S057,超市,13.02,微信
2026-04-08,S025,校园交通,4.16,微信
2026-04-08,S005,食堂,11.37,微信
2026-04-08,S003,食堂,15.87,校园卡
2026-04-08,S063,超市,43.98,校园卡
2026-04-08,S020,食堂,6.87,微信
2026-04-08,S054,食堂,14.14,支付宝
2026-04-08,S097,打印复印,5.33,校园卡
2026-04-08,S030,图书文具,15.15,支付宝
2026-04-08,S054,超市,8.57,微信
2026-04-08,S014,食堂,19.98,微信
2026-04-08,S073,校园交通,1.69,银行卡
2026-04-09,S079,食堂,17.28,支付宝
2026-04-09,S105,体育健身,8.00,校园卡
2026-04-09,S080,打印复印,0.50,校园卡
2026-04-09,S102,饮料,5.83,微信
2026-04-09,S033,超市,35.19,支付宝
2026-04-09,S117,食堂,27.00,微信
2026-04-09,S101,食堂,19.06,微信
2026-04-09,S060,打印复印,2.74,微信
2026-04-09,S041,校园交通,1.00,校园卡
2026-04-09,S101,食堂,15.91,微信
2026-04-09,S065,食堂,19.12,校园卡
2026-04-09,S103,食堂,16.05,校园卡
2026-04-09,S058,打印复印,2.39,校园卡
2026-04-09,S038,饮料,9.86,校园卡
2026-04-09,S016,饮料,4.77,支付宝
2026-04-09,S034,打印复印,0.97,支付宝
2026-04-09,S117,食堂,17.21,校园卡
2026-04-09,S035,校园交通,2.30,校园卡
2026-04-10,S029,打印复印,0.85,校园卡
2026-04-10,S028,超市,29.27,校园卡
2026-04-10,S097,水果店,13.73,校园卡
2026-04-10,S050,食堂,21.92,银行卡
2026-04-10,S120,超市,56.84,微信
2026-04-10,S072,打印复印,0.50,校园卡
2026-04-10,S071,打印复印,4.83,校园卡
2026-04-10,S010,体育健身,9.43,微信
2026-04-10,S010,超市,19.59,微信
2026-04-10,S028,超市,26.18,微信
2026-04-10,S110,超市,33.33,支付宝
2026-04-10,S073,食堂,22.25,校园卡
2026-04-10,S117,食堂,23.39,校园卡
2026-04-10,S008,食堂,12.74,校园卡
2026-04-10,S085,食堂,5.00,微信
2026-04-10,S092,食堂,15.20,微信
2026-04-10,S084,食堂,14.34,校园卡
2026-04-10,S043,打印复印,7.48,支付宝
2026-04-10,S107,图书文具,16.46,校园卡
2026-04-11,S095,食堂,15.69,校园卡
2026-04-11,S009,打印复印,2.54,校园卡
2026-04-11,S060,校园交通,3.51,微信
2026-04-11,S093,超市,21.75,支付宝
2026-04-11,S011,饮料,9.62,校园卡
2026-04-11,S088,超市,17.11,校园卡
2026-04-11,S085,图书文具,32.70,微信
2026-04-11,S058,图书文具,55.81,校园卡
2026-04-11,S070,饮料,10.55,校园卡
2026-04-11,S107,食堂,9.34,微信
2026-04-11,S110,食堂,13.91,银行卡
2026-04-12,S085,校园交通,1.46,微信
2026-04-12,S043,超市,52.15,微信
2026-04-12,S086,超市,13.10,支付宝
2026-04-12,S041,超市,41.88,微信
2026-04-12,S043,超市,15.00,校园卡
2026-04-12,S062,超市,20.86,微信
2026-04-12,S054,饮料,5.81,校园卡
2026-04-12,S010,水果店,5.10,微信
2026-04-12,S031,超市,63.28,微信
2026-04-12,S048,超市,67.32,微信
2026-04-12,S010,超市,44.72,银行卡
2026-04-12,S035,校园交通,3.49,微信
2026-04-13,S007,超市,18.48,支付宝
2026-04-13,S033,食堂,9.70,银行卡
2026-04-13,S025,打印复印,12.76,支付宝
2026-04-13,S012,食堂,19.62,支付宝
2026-04-13,S039,食堂,12.20,微信
2026-04-13,S085,食堂,16.22,支付宝
2026-04-13,S090,食堂,21.91,微信
2026-04-13,S020,食堂,13.26,微信
2026-04-13,S092,食堂,23.27,微信
2026-04-13,S021,图书文具,16.71,银行卡
2026-04-13,S057,超市,21.93,微信
2026-04-13,S084,体育健身,8.33,校园卡
2026-04-13,S067,食堂,13.15,校园卡
2026-04-13,S064,水果店,19.92,银行卡
2026-04-13,S076,打印复印,4.24,微信
2026-04-13,S109,图书文具,23.08,支付宝
2026-04-13,S002,食堂,12.12,支付宝
2026-04-13,S029,食堂,5.00,校园卡
2026-04-13,S064,水果店,11.87,微信
2026-04-13,S060,食堂,12.00,微信
2026-04-14,S031,食堂,29.71,校园卡
2026-04-14,S010,饮料,6.91,支付宝
2026-04-14,S051,食堂,18.89,校园卡
2026-04-14,S110,校园交通,1.00,支付宝
2026-04-14,S026,图书文具,34.73,支付宝
2026-04-14,S022,饮料,7.50,微信
2026-04-14,S082,食堂,18.10,微信
2026-04-14,S036,食堂,19.13,微信
2026-04-14,S061,打印复印,2.01,支付宝
2026-04-14,S099,食堂,31.84,校园卡
2026-04-14,S068,超市,54.82,微信
2026-04-14,S105,食堂,7.04,校园卡
2026-04-14,S047,饮料,2.00,微信
2026-04-14,S025,食堂,21.21,校园卡
2026-04-14,S019,食堂,13.10,校园卡
2026-04-14,S016,食堂,11.52,银行卡
2026-04-14,S047,食堂,10.06,银行卡
2026-04-14,S058,食堂,23.13,校园卡
2026-04-14,S035,食堂,15.07,校园卡
2026-04-14,S119,食堂,12.99,校园卡
2026-04-15,S093,图书文具,22.31,校园卡
2026-04-15,S092,食堂,12.71,微信
2026-04-15,S051,超市,26.17,微信
2026-04-15,S101,食堂,26.14,校园卡
2026-04-15,S052,食堂,15.88,微信
2026-04-15,S082,水果店,16.35,微信
2026-04-15,S092,水果店,20.66,微信
2026-04-15,S055,校园交通,3.38,校园卡
2026-04-15,S054,食堂,20.18,微信
2026-04-15,S021,食堂,17.29,支付宝
2026-04-15,S028,食堂,20.26,校园卡
2026-04-15,S031,超市,65.51,校园卡
2026-04-15,S103,食堂,21.32,校园卡
2026-04-15,S013,食堂,12.23,校园卡
2026-04-15,S074,超市,36.15,支付宝
2026-04-15,S089,食堂,5.30,校园卡
2026-04-15,S051,超市,46.11,支付宝
2026-04-15,S003,超市,28.33,微信
2026-04-15,S018,打印复印,11.08,微信
2026-04-16,S007,饮料,7.39,校园卡
2026-04-16,S102,图书文具,43.92,微信
2026-04-16,S056,食堂,10.41,校园卡
2026-04-16,S117,食堂,6.24,微信
2026-04-16,S016,校园交通,3.39,支付宝
2026-04-16,S116,食堂,24.21,支付宝
2026-04-16,S014,超市,71.09,微信
2026-04-16,S016,食堂,17.76,校园卡
2026-04-16,S103,图书文具,9.77,支付宝
2026-04-16,S042,打印复印,6.50,微信
2026-04-16,S030,图书文具,40.13,支付宝
2026-04-16,S077,水果店,13.81,微信
2026-04-16,S092,食堂,23.04,微信
2026-04-16,S073,食堂,19.42,校园卡
2026-04-16,S070,水果店,28.60,支付宝
2026-04-16,S029,食堂,16.62,校园卡
2026-04-17,S022,食堂,17.63,校园卡
2026-04-17,S118,水果店,17.62,微信
2026-04-17,S094,食堂,9.59,校园卡
2026-04-17,S013,食堂,16.75,支付宝
2026-04-17,S069,超市,41.17,支付宝
2026-04-17,S047,图书文具,23.61,校园卡
2026-04-17,S033,水果店,13.54,校园卡
2026-04-17,S068,食堂,13.57,校园卡
2026-04-17,S118,食堂,16.05,微信
2026-04-17,S043,食堂,20.01,校园卡
2026-04-17,S070,超市,36.79,校园卡
2026-04-17,S106,食堂,7.70,校园卡
2026-04-17,S098,图书文具,38.39,支付宝
2026-04-17,S039,食堂,14.96,校园卡
2026-04-17,S025,校园交通,1.00,支付宝
2026-04-17,S007,食堂,14.67,微信
2026-04-17,S035,图书文具,58.41,微信
2026-04-17,S110,图书文具,26.42,支付宝
2026-04-17,S007,食堂,15.48,微信
2026-04-17,S045,食堂,12.54,银行卡
2026-04-18,S061,超市,21.67,支付宝
2026-04-18,S078,体育健身,73.54,支付宝
2026-04-18,S077,体育健身,68.14,支付宝
2026-04-18,S095,水果店,16.02,支付宝
2026-04-18,S036,食堂,21.76,微信
2026-04-18,S011,食堂,17.95,微信
2026-04-18,S003,超市,6.00,支付宝
2026-04-18,S039,超市,21.21,微信
2026-04-18,S026,食堂,9.71,校园卡
2026-04-18,S063,图书文具,28.04,支付宝
2026-04-18,S101,超市,37.87,支付宝
2026-04-19,S058,图书文具,21.27,支付宝
2026-04-19,S071,水果店,21.77,微信
2026-04-19,S054,饮料,4.39,支付宝
2026-04-19,S011,超市,42.70,校园卡
2026-04-19,S096,食堂,10.42,支付宝
2026-04-19,S037,食堂,13.12,微信
2026-04-19,S029,超市,29.45,校园卡
2026-04-19,S041,超市,18.76,支付宝
2026-04-19,S002,超市,43.92,支付宝
2026-04-19,S094,超市,8.17,微信
2026-04-19,S052,体育健身,26.82,校园卡
2026-04-20,S104,饮料,7.01,支付宝
2026-04-20,S054,打印复印,9.09,校园卡
2026-04-20,S089,食堂,13.85,微信
2026-04-20,S094,水果店,16.56,微信
2026-04-20,S061,食堂,13.80,支付宝
2026-04-20,S007,食堂,19.50,校园卡
2026-04-20,S111,水果店,32.30,支付宝
2026-04-20,S082,食堂,13.09,支付宝
2026-04-20,S098,食堂,9.10,微信
2026-04-20,S050,超市,50.88,银行卡
2026-04-20,S035,超市,6.00,支付宝
2026-04-20,S085,水果店,16.77,校园卡
2026-04-20,S095,食堂,5.23,校园卡
2026-04-20,S019,校园交通,3.23,支付宝
2026-04-20,S011,食堂,11.12,校园卡
2026-04-20,S074,图书文具,21.38,支付宝
2026-04-20,S024,水果店,13.17,校园卡
2026-04-20,S050,打印复印,8.74,微信
2026-04-21,S082,校园交通,3.44,支付宝
2026-04-21,S080,食堂,20.91,微信
2026-04-21,S071,打印复印,0.56,校园卡
2026-04-21,S047,超市,39.19,微信
2026-04-21,S047,打印复印,9.90,校园卡
2026-04-21,S066,超市,54.79,微信
2026-04-21,S020,水果店,19.69,支付宝
2026-04-21,S076,食堂,16.41,校园卡
2026-04-21,S010,校园交通,1.00,支付宝
2026-04-21,S107,食堂,11.81,微信
2026-04-21,S117,食堂,21.00,微信
2026-04-21,S024,食堂,15.28,校园卡
2026-04-21,S034,食堂,15.52,微信
2026-04-21,S001,食堂,20.83,校园卡
2026-04-21,S062,图书文具,24.44,校园卡
2026-04-21,S073,饮料,8.01,校园卡
2026-04-21,S054,超市,16.62,微信
2026-04-21,S120,图书文具,25.33,支付宝
2026-04-21,S006,食堂,17.81,校园卡
2026-04-22,S047,食堂,15.00,校园卡
2026-04-22,S104,食堂,12.60,微信
2026-04-22,S101,食堂,24.75,支付宝
2026-04-22,S012,食堂,11.53,校园卡
2026-04-22,S051,打印复印,0.50,校园卡
2026-04-22,S095,食堂,11.54,微信
2026-04-22,S107,校园交通,2.05,银行卡
2026-04-22,S099,饮料,7.36,校园卡
2026-04-22,S022,食堂,16.26,校园卡
2026-04-22,S026,饮料,5.80,支付宝
2026-04-22,S111,水果店,24.75,支付宝
2026-04-22,S051,超市,11.58,校园卡
2026-04-22,S096,食堂,7.86,微信
2026-04-22,S071,超市,16.74,微信
2026-04-22,S096,水果店,7.94,支付宝
2026-04-22,S042,食堂,22.44,微信
2026-04-22,S060,食堂,13.63,校园卡
2026-04-23,S095,食堂,20.85,校园卡
2026-04-23,S003,打印复印,8.47,微信
2026-04-23,S078,食堂,15.94,银行卡
2026-04-23,S007,食堂,10.46,校园卡
2026-04-23,S083,食堂,22.84,校园卡
2026-04-23,S086,超市,35.12,校园卡
2026-04-23,S047,图书文具,17.43,银行卡
2026-04-23,S093,食堂,22.97,微信
2026-04-23,S107,食堂,11.67,校园卡
2026-04-23,S080,食堂,12.47,微信
2026-04-23,S085,食堂,15.98,校园卡
2026-04-23,S029,食堂,7.25,支付宝
2026-04-23,S012,水果店,9.75,校园卡
2026-04-23,S016,食堂,12.22,支付宝
2026-04-23,S008,饮料,14.57,微信
2026-04-23,S044,食堂,7.66,校园卡
2026-04-23,S071,图书文具,39.12,微信
2026-04-23,S020,超市,30.43,校园卡
2026-04-23,S034,食堂,19.53,微信
2026-04-23,S107,食堂,15.88,支付宝
2026-04-24,S120,超市,16.60,校园卡
2026-04-24,S119,食堂,13.54,微信
2026-04-24,S025,食堂,5.00,微信
2026-04-24,S048,水果店,16.09,校园卡
2026-04-24,S030,水果店,16.80,支付宝
2026-04-24,S100,校园交通,2.67,支付宝
2026-04-24,S020,食堂,16.08,支付宝
2026-04-24,S119,图书文具,7.18,微信
2026-04-24,S119,水果店,19.26,微信
2026-04-24,S082,食堂,21.35,微信
2026-04-24,S041,超市,24.66,校园卡
2026-04-24,S120,食堂,19.43,微信
2026-04-24,S083,图书文具,71.25,支付宝
2026-04-24,S095,水果店,17.67,微信
2026-04-24,S027,校园交通,1.12,微信
2026-04-24,S027,超市,30.45,微信
2026-04-24,S066,超市,53.39,微信
2026-04-25,S010,图书文具,20.72,微信
2026-04-25,S074,食堂,20.06,支付宝
2026-04-25,S072,图书文具,20.44,微信
2026-04-25,S078,体育健身,124.06,微信
2026-04-25,S029,超市,44.81,微信
2026-04-25,S023,食堂,14.93,校园卡
2026-04-25,S069,超市,25.90,校园卡
2026-04-25,S010,图书文具,24.24,支付宝
2026-04-25,S100,体育健身,23.41,微信
2026-04-25,S076,体育健身,88.90,校园卡
2026-04-25,S017,超市,41.42,微信
2026-04-25,S013,食堂,20.55,校园卡
2026-04-26,S066,超市,25.97,微信
2026-04-26,S078,饮料,7.45,银行卡
2026-04-26,S084,打印复印,3.11,校园卡
2026-04-26,S052,食堂,10.60,微信
2026-04-26,S092,食堂,11.66,微信
2026-04-26,S118,打印复印,3.10,校园卡
2026-04-26,S003,校园交通,4.09,支付宝
2026-04-26,S003,体育健身,27.54,微信
2026-04-26,S038,校园交通,3.90,校园卡
2026-04-26,S003,水果店,9.01,微信
2026-04-26,S051,超市,6.00,校园卡
2026-04-27,S073,食堂,20.83,校园卡
2026-04-27,S109,超市,35.75,支付宝
2026-04-27,S050,食堂,15.03,支付宝
2026-04-27,S102,水果店,6.78,支付宝
2026-04-27,S111,水果店,22.02,支付宝
2026-04-27,S017,图书文具,71.53,微信
2026-04-27,S018,超市,29.51,校园卡
2026-04-27,S094,图书文具,10.56,校园卡
2026-04-27,S086,图书文具,3.00,微信
2026-04-27,S039,超市,40.99,微信
2026-04-27,S039,食堂,11.34,支付宝
2026-04-27,S062,图书文具,17.43,微信
2026-04-27,S022,饮料,12.32,校园卡
2026-04-27,S047,超市,46.70,校园卡
2026-04-27,S008,水果店,35.82,微信
2026-04-27,S043,超市,58.20,校园卡
2026-04-27,S094,食堂,11.18,支付宝
2026-04-27,S082,打印复印,11.37,微信
2026-04-28,S054,食堂,20.11,支付宝
2026-04-28,S077,食堂,18.50,支付宝
2026-04-28,S047,食堂,26.46,微信
2026-04-28,S083,校园交通,1.98,支付宝
2026-04-28,S093,饮料,4.90,校园卡
2026-04-28,S003,食堂,16.00,微信
2026-04-28,S050,食堂,15.77,校园卡
2026-04-28,S074,食堂,12.34,校园卡
2026-04-28,S057,水果店,22.08,支付宝
2026-04-28,S050,食堂,20.72,微信
2026-04-28,S015,超市,26.07,校园卡
2026-04-28,S023,食堂,21.14,校园卡
2026-04-28,S023,校园交通,1.98,校园卡
2026-04-28,S091,水果店,20.55,银行卡
2026-04-28,S022,食堂,17.66,校园卡
2026-04-28,S030,食堂,5.46,校园卡
2026-04-28,S024,校园交通,2.42,微信
2026-04-28,S026,食堂,18.10,校园卡
2026-04-28,S029,食堂,16.06,校园卡
2026-04-28,S041,食堂,9.83,微信
2026-04-29,S018,饮料,8.54,微信
2026-04-29,S119,食堂,14.22,微信
2026-04-29,S087,水果店,30.11,校园卡
2026-04-29,S117,超市,34.49,支付宝
2026-04-29,S110,食堂,16.12,支付宝
2026-04-29,S044,食堂,14.79,校园卡
2026-04-29,S040,水果店,11.72,支付宝
2026-04-29,S069,水果店,10.72,校园卡
2026-04-29,S028,食堂,11.51,微信
2026-04-29,S054,图书文具,32.05,校园卡
2026-04-29,S066,超市,15.94,支付宝
2026-04-29,S087,超市,46.72,微信
2026-04-29,S064,食堂,22.13,支付宝
2026-04-29,S085,食堂,16.16,支付宝
2026-04-29,S039,食堂,17.06,微信
2026-04-29,S082,打印复印,7.05,微信
2026-04-29,S067,打印复印,4.90,校园卡
2026-04-29,S073,食堂,13.56,支付宝
2026-04-29,S091,图书文具,49.50,校园卡
2026-04-29,S039,超市,49.98,微信
2026-04-30,S023,食堂,5.00,微信
2026-04-30,S052,食堂,20.84,校园卡
2026-04-30,S054,饮料,8.73,微信
2026-04-30,S017,食堂,13.78,微信
2026-04-30,S058,食堂,15.17,校园卡
2026-04-30,S078,水果店,15.63,校园卡
2026-04-30,S111,食堂,24.97,校园卡
2026-04-30,S009,打印复印,7.88,支付宝
2026-04-30,S061,食堂,17.44,微信
2026-04-30,S010,食堂,13.59,校园卡
2026-04-30,S069,食堂,13.81,校园卡
2026-04-30,S053,食堂,15.32,微信
2026-04-30,S027,打印复印,5.02,微信
2026-04-30,S018,食堂,20.93,微信
2026-04-30,S074,饮料,8.92,支付宝
2026-04-30,S030,饮料,4.34,支付宝
2026-04-30,S082,食堂,20.78,校园卡
2026-05-01,S085,食堂,18.48,校园卡
2026-05-01,S027,图书文具,23.81,微信
2026-05-01,S075,饮料,9.01,微信
2026-05-01,S110,图书文具,35.54,微信
2026-05-01,S078,超市,41.55,微信
2026-05-01,S023,食堂,15.06,校园卡
2026-05-01,S046,食堂,21.77,校园卡
2026-05-01,S063,食堂,16.25,校园卡
2026-05-01,S119,食堂,22.72,银行卡
2026-05-01,S008,超市,29.74,校园卡
2026-05-01,S058,食堂,12.50,校园卡
2026-05-01,S027,超市,10.15,微信
2026-05-01,S112,超市,22.21,校园卡
2026-05-01,S076,食堂,16.72,微信
2026-05-01,S072,食堂,15.94,微信
2026-05-01,S109,图书文具,21.99,校园卡
2026-05-01,S104,打印复印,0.50,微信
2026-05-02,S094,食堂,16.15,支付宝
2026-05-02,S083,超市,23.49,支付宝
2026-05-02,S031,体育健身,71.40,校园卡
2026-05-02,S119,水果店,18.66,校园卡
2026-05-02,S003,校园交通,5.69,银行卡
2026-05-02,S036,校园交通,3.29,校园卡
2026-05-02,S098,超市,53.21,微信
2026-05-02,S047,水果店,30.47,微信
2026-05-02,S009,超市,65.99,微信
2026-05-02,S101,水果店,12.97,微信
2026-05-03,S078,图书文具,69.05,银行卡
2026-05-03,S029,超市,31.55,微信
2026-05-03,S046,水果店,7.26,校园卡
2026-05-03,S076,饮料,6.93,微信
2026-05-03,S018,超市,34.64,微信
2026-05-03,S035,食堂,11.32,微信
2026-05-03,S021,超市,43.30,微信
2026-05-03,S057,水果店,17.95,支付宝
2026-05-03,S075,图书文具,37.27,支付宝
2026-05-03,S092,体育健身,51.44,校园卡
2026-05-03,S097,超市,38.50,校园卡
2026-05-04,S054,打印复印,4.99,校园卡
2026-05-04,S062,饮料,5.89,支付宝
2026-05-04,S080,饮料,4.50,支付宝
2026-05-04,S054,水果店,10.42,微信
2026-05-04,S084,食堂,19.58,校园卡
2026-05-04,S118,校园交通,1.31,校园卡
2026-05-04,S003,超市,6.00,微信
2026-05-04,S031,食堂,30.25,校园卡
2026-05-04,S109,食堂,11.67,微信
2026-05-04,S038,食堂,14.95,微信
2026-05-04,S090,水果店,15.47,校园卡
2026-05-04,S024,饮料,3.45,校园卡
2026-05-04,S069,食堂,10.41,校园卡
2026-05-04,S065,打印复印,0.92,校园卡
2026-05-04,S040,超市,56.12,支付宝
2026-05-04,S087,图书文具,21.96,银行卡
2026-05-04,S104,食堂,12.92,微信
2026-05-04,S106,食堂,21.76,校园卡
2026-05-04,S042,水果店,35.20,校园卡
2026-05-05,S005,食堂,15.94,支付宝
2026-05-05,S025,校园交通,2.48,校园卡
2026-05-05,S119,食堂,18.70,微信
2026-05-05,S017,图书文具,47.93,微信
2026-05-05,S017,食堂,20.36,校园卡
2026-05-05,S004,食堂,12.24,校园卡
2026-05-05,S078,食堂,16.13,校园卡
2026-05-05,S101,水果店,20.72,支付宝
2026-05-05,S006,校园交通,1.00,支付宝
2026-05-05,S111,食堂,8.91,支付宝
2026-05-05,S077,超市,43.90,支付宝
2026-05-05,S038,食堂,18.09,微信
2026-05-05,S092,水果店,23.73,微信
2026-05-05,S005,食堂,10.25,支付宝
2026-05-05,S057,校园交通,3.04,校园卡
2026-05-05,S083,食堂,21.70,支付宝
2026-05-05,S064,食堂,13.97,支付宝
2026-05-06,S064,打印复印,6.80,微信
2026-05-06,S073,食堂,13.51,支付宝
2026-05-06,S003,食堂,22.82,校园卡
2026-05-06,S078,超市,24.42,校园卡
2026-05-06,S111,食堂,15.66,校园卡
2026-05-06,S035,图书文具,43.64,银行卡
2026-05-06,S102,食堂,8.73,校园卡
2026-05-06,S030,图书文具,3.00,校园卡
2026-05-06,S077,图书文具,12.05,校园卡
2026-05-06,S058,食堂,14.63,微信
2026-05-06,S071,水果店,4.00,微信
2026-05-06,S085,打印复印,3.64,银行卡
2026-05-06,S036,打印复印,2.44,校园卡
2026-05-06,S117,水果店,19.71,银行卡
2026-05-06,S075,图书文具,19.76,微信
2026-05-06,S033,超市,20.22,银行卡
2026-05-07,S003,超市,27.19,支付宝
2026-05-07,S009,打印复印,0.50,支付宝
2026-05-07,S010,校园交通,2.02,银行卡
2026-05-07,S094,饮料,2.15,支付宝
2026-05-07,S104,超市,50.45,校园卡
2026-05-07,S008,超市,21.75,支付宝
2026-05-07,S096,食堂,11.45,支付宝
2026-05-07,S077,食堂,22.26,支付宝
2026-05-07,S003,食堂,11.73,支付宝
2026-05-07,S091,超市,43.10,微信
2026-05-07,S101,图书文具,6.61,微信
2026-05-07,S038,食堂,15.14,校园卡
2026-05-07,S099,体育健身,108.16,校园卡
2026-05-07,S091,食堂,11.11,微信
2026-05-07,S016,食堂,27.20,校园卡
2026-05-07,S001,超市,38.06,校园卡
2026-05-07,S003,饮料,7.53,微信
2026-05-08,S008,食堂,15.74,校园卡
2026-05-08,S120,打印复印,3.52,微信
2026-05-08,S011,打印复印,2.22,微信
2026-05-08,S033,饮料,3.90,支付宝
2026-05-08,S029,食堂,9.10,校园卡
2026-05-08,S075,食堂,17.41,校园卡
2026-05-08,S045,图书文具,16.65,银行卡
2026-05-08,S011,超市,56.94,校园卡
2026-05-08,S097,体育健身,42.97,支付宝
2026-05-08,S064,食堂,26.76,校园卡
2026-05-08,S062,超市,48.94,校园卡
2026-05-08,S009,水果店,26.19,微信
2026-05-08,S078,食堂,12.72,银行卡
2026-05-08,S103,食堂,12.19,微信
2026-05-08,S062,食堂,13.14,支付宝
2026-05-08,S064,食堂,22.17,微信
2026-05-08,S085,食堂,18.60,微信
2026-05-09,S066,食堂,13.84,微信
2026-05-09,S088,食堂,11.15,支付宝
2026-05-09,S035,超市,53.31,微信
2026-05-09,S025,超市,34.80,支付宝
2026-05-09,S012,水果店,23.30,校园卡
2026-05-09,S007,体育健身,52.24,支付宝
2026-05-09,S002,体育健身,82.19,支付宝
2026-05-09,S028,饮料,6.39,微信
2026-05-09,S028,食堂,17.46,校园卡
2026-05-09,S104,超市,45.81,微信
2026-05-09,S007,食堂,16.88,支付宝
2026-05-10,S067,饮料,5.45,微信
2026-05-10,S040,超市,37.07,支付宝
2026-05-10,S025,超市,6.00,微信
2026-05-10,S037,图书文具,15.98,支付宝
2026-05-10,S060,食堂,20.57,微信
2026-05-10,S067,食堂,10.70,微信
2026-05-10,S028,超市,20.88,微信
2026-05-10,S041,超市,30.99,支付宝
2026-05-10,S011,超市,64.58,校园卡
2026-05-10,S038,食堂,5.00,支付宝
2026-05-10,S069,食堂,13.76,支付宝
2026-05-11,S040,食堂,21.87,银行卡
2026-05-11,S064,超市,7.24,支付宝
2026-05-11,S088,超市,36.79,支付宝
2026-05-11,S114,图书文具,38.38,微信
2026-05-11,S104,食堂,21.65,银行卡
2026-05-11,S033,食堂,18.06,微信
2026-05-11,S036,饮料,12.22,微信
2026-05-11,S118,食堂,13.04,微信
2026-05-11,S112,食堂,21.04,微信
2026-05-11,S047,打印复印,3.41,微信
2026-05-11,S053,食堂,14.63,校园卡
2026-05-11,S106,食堂,19.41,校园卡
2026-05-11,S003,水果店,26.41,支付宝
2026-05-11,S090,图书文具,35.56,校园卡
2026-05-11,S049,食堂,6.73,校园卡
2026-05-11,S059,饮料,11.89,微信
2026-05-11,S102,食堂,9.05,微信
2026-05-11,S060,饮料,12.94,微信
2026-05-11,S019,食堂,22.74,支付宝
2026-05-11,S057,水果店,7.87,校园卡
2026-05-12,S020,食堂,20.77,银行卡
2026-05-12,S060,食堂,9.93,微信
2026-05-12,S008,饮料,4.88,支付宝
2026-05-12,S081,水果店,18.51,银行卡
2026-05-12,S118,超市,43.25,微信
2026-05-12,S088,食堂,10.71,微信
2026-05-12,S008,食堂,20.62,微信
2026-05-12,S010,打印复印,0.50,支付宝
2026-05-12,S003,水果店,18.54,校园卡
2026-05-12,S110,体育健身,50.12,支付宝
2026-05-12,S096,水果店,14.95,微信
2026-05-12,S065,水果店,17.42,微信
2026-05-12,S020,食堂,8.41,微信
2026-05-12,S078,食堂,14.87,微信
2026-05-12,S097,食堂,18.10,校园卡
2026-05-12,S057,超市,38.30,微信
2026-05-12,S069,打印复印,4.79,校园卡
2026-05-12,S097,食堂,24.06,校园卡
2026-05-13,S040,体育健身,89.62,银行卡
2026-05-13,S019,食堂,20.20,微信
2026-05-13,S088,饮料,3.35,支付宝
2026-05-13,S025,食堂,12.26,支付宝
2026-05-13,S018,食堂,23.65,微信
2026-05-13,S031,食堂,15.06,校园卡
2026-05-13,S060,超市,45.99,校园卡
2026-05-13,S032,水果店,6.90,支付宝
2026-05-13,S050,打印复印,6.45,校园卡
2026-05-13,S086,食堂,7.01,微信
2026-05-13,S103,图书文具,18.52,校园卡
2026-05-13,S101,食堂,18.17,微信
2026-05-13,S010,水果店,6.24,校园卡
2026-05-13,S027,饮料,3.15,校园卡
2026-05-13,S109,食堂,12.57,校园卡
2026-05-13,S017,超市,33.16,微信
2026-05-13,S112,食堂,12.51,支付宝
2026-05-13,S101,校园交通,2.38,微信
2026-05-13,S062,水果店,13.43,支付宝
2026-05-13,S053,食堂,14.59,微信
2026-05-14,S115,图书文具,25.74,微信
2026-05-14,S075,食堂,15.78,微信
2026-05-14,S070,食堂,19.64,微信
2026-05-14,S029,食堂,12.42,微信
2026-05-14,S104,超市,32.48,微信
2026-05-14,S090,超市,16.64,校园卡
2026-05-14,S021,校园交通,2.05,支付宝
2026-05-14,S100,水果店,16.47,校园卡
2026-05-14,S047,食堂,21.56,微信
2026-05-14,S025,食堂,15.04,校园卡
2026-05-14,S113,食堂,14.76,微信
2026-05-14,S120,水果店,13.65,微信
2026-05-14,S003,食堂,28.96,微信
2026-05-14,S042,食堂,26.68,支付宝
2026-05-14,S049,食堂,8.45,微信
2026-05-14,S053,食堂,10.70,校园卡
2026-05-14,S113,饮料,9.48,支付宝
2026-05-14,S007,食堂,7.84,校园卡
2026-05-14,S023,图书文具,13.71,校园卡
2026-05-14,S104,食堂,24.82,微信
2026-05-15,S019,食堂,9.75,微信
2026-05-15,S026,食堂,17.64,校园卡
2026-05-15,S079,图书文具,33.12,支付宝
2026-05-15,S095,食堂,15.37,校园卡
2026-05-15,S029,超市,28.24,银行卡
2026-05-15,S054,食堂,8.35,微信
2026-05-15,S033,食堂,11.84,微信
2026-05-15,S030,食堂,20.51,校园卡
2026-05-15,S101,食堂,17.69,微信
2026-05-15,S115,水果店,12.44,校园卡
2026-05-15,S101,水果店,12.76,支付宝
2026-05-15,S043,食堂,25.39,校园卡
2026-05-15,S039,食堂,10.82,微信
2026-05-15,S036,食堂,24.11,支付宝
2026-05-15,S110,食堂,18.91,校园卡
2026-05-15,S109,食堂,11.65,微信
2026-05-15,S039,水果店,26.23,支付宝
2026-05-16,S111,校园交通,2.25,微信
2026-05-16,S056,体育健身,27.97,微信
2026-05-16,S075,超市,41.01,微信
2026-05-16,S077,超市,44.02,校园卡
2026-05-16,S045,校园交通,2.09,银行卡
2026-05-16,S118,食堂,21.38,校园卡
2026-05-16,S092,食堂,14.08,微信
2026-05-16,S058,超市,37.43,校园卡
2026-05-16,S088,食堂,9.88,微信
2026-05-17,S020,超市,15.02,微信
2026-05-17,S078,图书文具,60.98,微信
2026-05-17,S116,图书文具,6.77,微信
2026-05-17,S073,超市,67.63,微信
2026-05-17,S078,图书文具,6.86,微信
2026-05-17,S082,饮料,8.00,微信
2026-05-17,S070,水果店,26.90,支付宝
2026-05-17,S110,食堂,12.31,校园卡
2026-05-17,S026,超市,38.39,微信
2026-05-17,S092,超市,51.83,微信
2026-05-17,S074,打印复印,2.17,支付宝
2026-05-18,S043,食堂,14.95,支付宝
2026-05-18,S017,体育健身,28.38,校园卡
2026-05-18,S077,食堂,19.10,微信
2026-05-18,S073,超市,63.62,微信
2026-05-18,S091,食堂,37.51,校园卡
2026-05-18,S069,食堂,19.65,支付宝
2026-05-18,S107,食堂,14.65,微信
2026-05-18,S096,食堂,18.06,校园卡
2026-05-18,S057,食堂,11.60,支付宝
2026-05-18,S109,食堂,15.30,微信
2026-05-18,S064,食堂,26.88,支付宝
2026-05-18,S103,食堂,22.48,微信
2026-05-18,S076,饮料,8.25,微信
2026-05-18,S071,食堂,12.50,校园卡
2026-05-18,S033,饮料,4.39,支付宝
2026-05-18,S077,食堂,11.88,支付宝
2026-05-18,S104,食堂,27.14,微信
2026-05-18,S003,食堂,22.80,微信
2026-05-19,S038,食堂,11.62,校园卡
2026-05-19,S086,食堂,13.05,微信
2026-05-19,S010,超市,18.24,支付宝
2026-05-19,S056,食堂,8.71,校园卡
2026-05-19,S033,水果店,13.44,支付宝
2026-05-19,S043,校园交通,3.09,支付宝
2026-05-19,S049,食堂,9.42,支付宝
2026-05-19,S021,食堂,23.28,银行卡
2026-05-19,S042,水果店,21.97,微信
2026-05-19,S036,食堂,21.52,微信
2026-05-19,S003,超市,27.98,校园卡
2026-05-19,S120,校园交通,3.59,微信
2026-05-19,S062,食堂,14.19,校园卡
2026-05-19,S101,图书文具,29.69,校园卡
2026-05-19,S036,饮料,3.62,微信
2026-05-19,S076,食堂,13.91,微信
2026-05-19,S037,食堂,14.05,校园卡
2026-05-19,S042,饮料,15.74,微信
2026-05-19,S049,体育健身,24.10,微信
2026-05-19,S003,超市,45.62,银行卡
2026-05-20,S099,饮料,12.60,校园卡
2026-05-20,S049,打印复印,3.94,支付宝
2026-05-20,S011,超市,26.89,支付宝
2026-05-20,S067,食堂,13.00,校园卡
2026-05-20,S078,食堂,22.40,支付宝
2026-05-20,S108,食堂,15.48,校园卡
2026-05-20,S073,超市,13.10,微信
2026-05-20,S014,食堂,27.17,微信
2026-05-20,S115,饮料,7.08,校园卡
2026-05-20,S094,校园交通,1.93,校园卡
2026-05-20,S120,食堂,16.16,微信
2026-05-20,S033,食堂,10.68,校园卡
2026-05-20,S008,食堂,23.41,微信
2026-05-20,S056,饮料,4.76,校园卡
2026-05-20,S018,食堂,21.12,校园卡
2026-05-20,S059,食堂,20.46,校园卡
2026-05-20,S001,食堂,7.82,微信
2026-05-20,S049,食堂,14.31,校园卡
2026-05-21,S064,图书文具,5.26,支付宝
2026-05-21,S003,超市,38.98,微信
2026-05-21,S007,食堂,13.59,微信
2026-05-21,S088,饮料,6.34,校园卡
2026-05-21,S017,食堂,19.43,银行卡
2026-05-21,S097,食堂,22.41,校园卡
2026-05-21,S098,校园交通,4.23,微信
2026-05-21,S078,图书文具,42.63,微信
2026-05-21,S013,超市,35.15,支付宝
2026-05-21,S047,食堂,9.71,微信
2026-05-21,S088,超市,23.85,支付宝
2026-05-21,S076,食堂,10.69,校园卡
2026-05-21,S054,打印复印,3.30,微信
2026-05-21,S073,水果店,13.00,校园卡
2026-05-21,S066,打印复印,1.73,支付宝
2026-05-21,S064,食堂,16.22,校园卡
2026-05-21,S080,食堂,12.25,校园卡
2026-05-21,S021,图书文具,26.46,微信
2026-05-21,S011,超市,36.86,校园卡
2026-05-21,S106,食堂,13.02,支付宝
2026-05-22,S007,超市,23.59,微信
2026-05-22,S024,超市,40.22,校园卡
2026-05-22,S060,超市,36.09,微信
2026-05-22,S110,图书文具,34.87,微信
2026-05-22,S042,超市,60.82,微信
2026-05-22,S087,食堂,15.92,校园卡
2026-05-22,S065,水果店,17.80,微信
2026-05-22,S011,打印复印,9.16,校园卡
2026-05-22,S064,食堂,24.35,支付宝
2026-05-22,S037,食堂,19.16,校园卡
2026-05-22,S031,食堂,26.85,校园卡
2026-05-22,S104,食堂,20.91,微信
2026-05-22,S068,图书文具,3.00,微信
2026-05-22,S004,超市,23.40,校园卡
2026-05-22,S098,食堂,7.91,微信
2026-05-22,S039,食堂,18.43,校园卡
2026-05-23,S063,超市,25.28,微信
2026-05-23,S098,超市,6.00,微信
2026-05-23,S057,超市,31.63,支付宝
2026-05-23,S006,校园交通,3.33,校园卡
2026-05-23,S101,饮料,7.98,微信
2026-05-23,S021,水果店,23.02,支付宝
2026-05-23,S003,超市,47.35,微信
2026-05-23,S058,图书文具,46.87,支付宝
2026-05-23,S101,水果店,16.82,微信
2026-05-23,S074,食堂,17.76,支付宝
2026-05-24,S081,食堂,15.38,微信
2026-05-24,S086,超市,15.66,微信
2026-05-24,S054,体育健身,20.41,银行卡
2026-05-24,S058,食堂,20.19,校园卡
2026-05-24,S037,水果店,18.92,校园卡
2026-05-24,S072,图书文具,20.99,微信
2026-05-24,S097,图书文具,35.81,支付宝
2026-05-24,S047,校园交通,1.00,校园卡
2026-05-24,S047,水果店,25.83,微信
2026-05-24,S035,体育健身,69.04,支付宝
2026-05-24,S053,图书文具,3.00,银行卡
2026-05-25,S107,图书文具,38.82,校园卡
2026-05-25,S103,食堂,10.02,校园卡
2026-05-25,S012,食堂,13.17,校园卡
2026-05-25,S103,水果店,8.71,支付宝
2026-05-25,S037,体育健身,50.80,微信
2026-05-25,S094,体育健身,35.48,微信
2026-05-25,S037,食堂,16.06,校园卡
2026-05-25,S047,食堂,23.81,校园卡
2026-05-25,S051,饮料,9.63,支付宝
2026-05-25,S077,食堂,21.65,支付宝
2026-05-25,S003,超市,6.00,校园卡
2026-05-25,S071,食堂,5.00,校园卡
2026-05-25,S040,饮料,4.14,微信
2026-05-25,S042,打印复印,8.76,校园卡
2026-05-25,S080,食堂,9.46,校园卡
2026-05-25,S097,食堂,7.86,校园卡
2026-05-25,S114,食堂,10.85,微信
2026-05-25,S096,食堂,15.28,微信
2026-05-26,S023,食堂,27.46,支付宝
2026-05-26,S022,食堂,13.06,支付宝
2026-05-26,S008,食堂,15.79,支付宝
2026-05-26,S119,食堂,18.79,微信
2026-05-26,S003,食堂,13.69,微信
2026-05-26,S101,饮料,6.41,校园卡
2026-05-26,S075,食堂,7.04,微信
2026-05-26,S095,超市,47.27,微信
2026-05-26,S068,饮料,8.28,微信
2026-05-26,S012,打印复印,3.37,微信
2026-05-26,S066,水果店,11.64,校园卡
2026-05-26,S003,食堂,22.23,微信
2026-05-26,S013,食堂,14.67,校园卡
2026-05-26,S076,图书文具,38.95,校园卡
2026-05-26,S107,水果店,12.80,支付宝
2026-05-26,S021,水果店,26.75,微信
2026-05-26,S076,超市,33.37,微信
2026-05-27,S037,超市,32.08,微信
2026-05-27,S071,食堂,16.35,微信
2026-05-27,S082,食堂,15.61,银行卡
2026-05-27,S093,水果店,16.19,支付宝
2026-05-27,S101,食堂,8.57,校园卡
2026-05-27,S092,图书文具,58.55,支付宝
2026-05-27,S003,图书文具,12.70,微信
2026-05-27,S064,饮料,6.47,支付宝
2026-05-27,S016,水果店,20.86,微信
2026-05-27,S048,饮料,15.02,校园卡
2026-05-27,S092,水果店,16.15,校园卡
2026-05-27,S029,图书文具,27.40,微信
2026-05-27,S047,食堂,7.66,校园卡
2026-05-27,S009,食堂,17.33,微信
2026-05-27,S074,打印复印,5.55,支付宝
2026-05-27,S109,饮料,2.48,校园卡
2026-05-27,S053,校园交通,3.46,微信
2026-05-27,S025,超市,46.22,校园卡
2026-05-27,S113,食堂,22.10,支付宝
2026-05-27,S090,体育健身,86.15,微信
2026-05-28,S042,打印复印,10.44,微信
2026-05-28,S116,水果店,24.35,支付宝
2026-05-28,S011,食堂,20.96,微信
2026-05-28,S047,食堂,21.23,微信
2026-05-28,S092,超市,26.79,微信
2026-05-28,S043,图书文具,8.36,支付宝
2026-05-28,S083,校园交通,3.30,支付宝
2026-05-28,S077,食堂,21.00,校园卡
2026-05-28,S023,食堂,14.15,校园卡
2026-05-28,S099,超市,13.06,微信
2026-05-28,S100,食堂,8.56,支付宝
2026-05-28,S071,食堂,17.30,微信
2026-05-28,S021,食堂,15.39,微信
2026-05-28,S007,图书文具,3.00,校园卡
2026-05-28,S104,食堂,22.28,校园卡
2026-05-28,S045,打印复印,5.86,微信
2026-05-28,S028,食堂,9.31,微信
2026-05-28,S047,水果店,27.87,微信
2026-05-29,S061,食堂,13.19,微信
2026-05-29,S056,打印复印,4.02,校园卡
2026-05-29,S117,校园交通,2.52,微信
2026-05-29,S083,食堂,13.36,支付宝
2026-05-29,S053,食堂,7.89,微信
2026-05-29,S103,饮料,6.91,微信
2026-05-29,S036,超市,6.00,微信
2026-05-29,S036,食堂,33.14,校园卡
2026-05-29,S092,饮料,5.87,微信
2026-05-29,S080,食堂,6.50,校园卡
2026-05-29,S109,水果店,20.12,微信
2026-05-29,S095,水果店,20.21,支付宝
2026-05-29,S007,食堂,14.67,校园卡
2026-05-29,S119,超市,22.88,支付宝
2026-05-29,S024,食堂,12.92,校园卡
2026-05-29,S095,超市,39.46,微信
2026-05-29,S061,食堂,9.63,微信
2026-05-30,S011,超市,27.85,支付宝
2026-05-30,S034,食堂,20.39,校园卡
2026-05-30,S026,食堂,17.37,校园卡
2026-05-30,S057,食堂,14.79,微信
2026-05-30,S088,食堂,6.27,支付宝
2026-05-30,S071,水果店,20.60,校园卡
2026-05-30,S003,超市,41.69,支付宝
2026-05-30,S009,食堂,9.63,校园卡
2026-05-30,S012,校园交通,4.63,校园卡
2026-05-30,S099,超市,27.07,微信
2026-05-31,S093,超市,74.71,微信
2026-05-31,S107,超市,34.00,支付宝
2026-05-31,S015,图书文具,19.58,微信
2026-05-31,S010,校园交通,1.57,微信
2026-05-31,S002,超市,40.90,支付宝
2026-05-31,S008,超市,51.70,微信
2026-05-31,S054,打印复印,1.63,支付宝
2026-05-31,S003,校园交通,5.31,校园卡
2026-05-31,S082,水果店,23.19,校园卡
2026-05-31,S041,图书文具,3.00,校园卡
2026-05-31,S067,食堂,10.92,校园卡
2026-06-01,S073,图书文具,21.05,支付宝
2026-06-01,S023,食堂,6.67,校园卡
2026-06-01,S002,超市,33.48,微信
2026-06-01,S025,食堂,29.84,校园卡
2026-06-01,S025,图书文具,37.28,微信
2026-06-01,S060,食堂,11.00,微信
2026-06-01,S022,饮料,5.57,微信
2026-06-01,S089,校园交通,3.36,校园卡
2026-06-01,S083,水果店,24.55,微信
2026-06-01,S101,食堂,15.15,微信
2026-06-01,S028,食堂,10.77,支付宝
2026-06-01,S081,食堂,19.68,校园卡
2026-06-01,S003,图书文具,30.48,微信
2026-06-01,S096,饮料,8.32,支付宝
2026-06-01,S052,食堂,24.77,校园卡
2026-06-01,S049,图书文具,34.83,支付宝
2026-06-01,S073,食堂,10.07,校园卡
2026-06-01,S093,水果店,25.23,校园卡
2026-06-02,S015,超市,26.26,校园卡
2026-06-02,S114,打印复印,4.38,微信
2026-06-02,S008,饮料,13.07,支付宝
2026-06-02,S045,体育健身,29.70,支付宝
2026-06-02,S109,食堂,10.86,微信
2026-06-02,S055,食堂,12.75,支付宝
2026-06-02,S048,饮料,2.00,支付宝
2026-06-02,S071,饮料,8.67,支付宝
2026-06-02,S012,饮料,8.74,校园卡
2026-06-02,S058,图书文具,46.78,支付宝
2026-06-02,S045,食堂,12.55,校园卡
2026-06-02,S084,水果店,4.00,校园卡
2026-06-02,S082,图书文具,7.36,银行卡
2026-06-02,S049,食堂,12.61,校园卡
2026-06-02,S054,食堂,12.49,支付宝
2026-06-02,S073,校园交通,4.43,微信
2026-06-02,S082,超市,11.63,微信
2026-06-02,S016,食堂,13.41,支付宝
2026-06-02,S006,食堂,8.92,微信
2026-06-02,S039,食堂,15.30,微信
2026-06-03,S037,食堂,14.74,微信
2026-06-03,S039,食堂,13.81,支付宝
2026-06-03,S062,打印复印,0.91,微信
2026-06-03,S055,水果店,23.85,支付宝
2026-06-03,S099,饮料,9.71,校园卡
2026-06-03,S092,食堂,21.94,校园卡
2026-06-03,S017,食堂,15.35,支付宝
2026-06-03,S010,水果店,21.27,校园卡
2026-06-03,S044,食堂,21.83,校园卡
2026-06-03,S005,水果店,11.61,微信
2026-06-03,S051,打印复印,3.33,支付宝
2026-06-03,S016,食堂,18.23,支付宝
2026-06-03,S049,食堂,10.48,校园卡
2026-06-03,S110,超市,49.12,支付宝
2026-06-03,S017,水果店,22.25,微信
2026-06-03,S016,体育健身,43.81,微信
2026-06-03,S055,食堂,12.55,微信
2026-06-04,S077,图书文具,17.84,微信
2026-06-04,S071,饮料,7.35,微信
2026-06-04,S029,食堂,9.48,微信
2026-06-04,S076,食堂,12.14,微信
2026-06-04,S101,超市,55.94,微信
2026-06-04,S024,超市,43.89,校园卡
2026-06-04,S083,水果店,31.38,支付宝
2026-06-04,S069,图书文具,37.89,微信
2026-06-04,S100,食堂,5.24,微信
2026-06-04,S100,图书文具,22.17,微信
2026-06-04,S055,打印复印,3.71,校园卡
2026-06-04,S006,食堂,17.74,微信
2026-06-04,S075,食堂,18.90,微信
2026-06-04,S002,打印复印,3.59,微信
2026-06-04,S095,水果店,16.15,校园卡
2026-06-04,S035,校园交通,5.51,银行卡
2026-06-04,S114,超市,6.00,校园卡
2026-06-04,S109,图书文具,18.88,微信
2026-06-04,S041,校园交通,1.00,微信
2026-06-05,S092,食堂,15.36,校园卡
2026-06-05,S113,食堂,11.88,支付宝
2026-06-05,S077,超市,52.35,银行卡
2026-06-05,S109,食堂,13.30,校园卡
2026-06-05,S105,食堂,14.01,校园卡
2026-06-05,S021,食堂,18.19,微信
2026-06-05,S033,食堂,14.20,微信
2026-06-05,S111,食堂,15.85,校园卡
2026-06-05,S084,打印复印,11.94,微信
2026-06-05,S106,超市,42.53,微信
2026-06-05,S096,水果店,24.27,支付宝
2026-06-05,S064,食堂,16.28,微信
2026-06-05,S039,图书文具,67.30,微信
2026-06-05,S065,图书文具,48.44,微信
2026-06-05,S071,打印复印,0.50,微信
2026-06-05,S064,食堂,25.61,校园卡
2026-06-05,S097,食堂,16.39,校园卡
2026-06-05,S087,食堂,13.65,校园卡
2026-06-05,S060,食堂,19.15,微信
2026-06-06,S071,饮料,2.09,微信
2026-06-06,S046,体育健身,91.65,银行卡
2026-06-06,S028,水果店,25.71,微信
2026-06-06,S104,水果店,25.43,校园卡
2026-06-06,S096,超市,45.64,银行卡
2026-06-06,S057,食堂,14.08,校园卡
2026-06-06,S107,超市,27.73,校园卡
2026-06-06,S043,体育健身,109.94,支付宝
2026-06-06,S103,图书文具,57.14,银行卡
2026-06-06,S107,超市,29.74,支付宝
2026-06-06,S008,饮料,10.16,支付宝
2026-06-07,S090,食堂,25.83,校园卡
2026-06-07,S072,图书文具,19.04,支付宝
2026-06-07,S089,水果店,27.76,银行卡
2026-06-07,S023,水果店,33.13,校园卡
2026-06-07,S074,超市,31.56,支付宝
2026-06-07,S044,超市,30.39,支付宝
2026-06-07,S103,超市,28.38,微信
2026-06-07,S009,图书文具,49.30,微信
2026-06-07,S002,水果店,27.02,银行卡
2026-06-07,S112,食堂,23.41,微信
2026-06-08,S009,图书文具,35.26,支付宝
2026-06-08,S084,打印复印,9.59,校园卡
2026-06-08,S028,图书文具,43.08,微信
2026-06-08,S031,校园交通,5.01,校园卡
2026-06-08,S105,食堂,12.36,微信
2026-06-08,S012,图书文具,3.00,微信
2026-06-08,S021,图书文具,10.79,微信
2026-06-08,S030,食堂,18.51,支付宝
2026-06-08,S074,食堂,16.71,支付宝
2026-06-08,S080,食堂,18.67,微信
2026-06-08,S090,饮料,2.37,微信
2026-06-08,S051,图书文具,50.08,微信
2026-06-08,S062,超市,41.33,支付宝
2026-06-08,S034,超市,18.37,微信
2026-06-08,S091,食堂,8.60,微信
2026-06-08,S073,食堂,14.92,微信
2026-06-08,S103,食堂,15.47,微信
2026-06-08,S067,饮料,5.18,校园卡
2026-06-08,S107,食堂,17.21,支付宝
2026-06-09,S105,食堂,11.30,校园卡
2026-06-09,S097,打印复印,8.61,支付宝
2026-06-09,S011,食堂,18.54,微信
2026-06-09,S078,校园交通,1.22,支付宝
2026-06-09,S088,图书文具,24.91,银行卡
2026-06-09,S013,图书文具,11.13,微信
2026-06-09,S069,超市,58.30,微信
2026-06-09,S082,食堂,14.84,微信
2026-06-09,S119,食堂,18.41,银行卡
2026-06-09,S037,食堂,7.51,微信
2026-06-09,S052,食堂,18.80,校园卡
2026-06-09,S089,食堂,14.63,校园卡
2026-06-09,S043,超市,28.82,微信
2026-06-09,S036,食堂,18.38,微信
2026-06-09,S073,校园交通,3.78,微信
2026-06-09,S037,食堂,13.93,支付宝
2026-06-09,S018,食堂,32.22,支付宝
2026-06-09,S082,校园交通,3.43,支付宝
2026-06-10,S037,超市,10.84,微信
2026-06-10,S054,图书文具,21.76,支付宝
2026-06-10,S084,食堂,22.75,校园卡
2026-06-10,S040,超市,31.13,微信
2026-06-10,S111,图书文具,27.02,微信
2026-06-10,S107,图书文具,34.01,校园卡
2026-06-10,S099,食堂,19.97,微信
2026-06-10,S007,食堂,8.83,支付宝
2026-06-10,S112,图书文具,3.00,微信
2026-06-10,S021,水果店,20.88,微信
2026-06-10,S039,食堂,19.41,校园卡
2026-06-10,S072,体育健身,8.00,微信
2026-06-10,S042,食堂,32.95,校园卡
2026-06-10,S006,食堂,17.71,校园卡
2026-06-10,S027,食堂,11.34,微信
2026-06-10,S080,图书文具,33.85,支付宝
2026-06-10,S033,食堂,5.00,支付宝
2026-06-10,S051,超市,45.54,支付宝
2026-06-10,S099,水果店,21.75,校园卡
2026-06-11,S037,超市,23.31,微信
2026-06-11,S015,食堂,18.63,微信
2026-06-11,S083,超市,43.77,微信
2026-06-11,S022,打印复印,7.24,支付宝
2026-06-11,S083,食堂,25.52,支付宝
2026-06-11,S021,超市,33.53,微信
2026-06-11,S043,食堂,18.89,微信
2026-06-11,S103,超市,30.75,支付宝
2026-06-11,S100,图书文具,45.99,微信
2026-06-11,S073,超市,44.22,微信
2026-06-11,S058,食堂,18.72,支付宝
2026-06-11,S044,饮料,7.19,支付宝
2026-06-11,S087,食堂,25.94,微信
2026-06-11,S118,水果店,23.90,支付宝
2026-06-11,S016,图书文具,40.45,支付宝
2026-06-11,S102,打印复印,6.17,校园卡
2026-06-11,S103,水果店,22.34,支付宝
2026-06-11,S108,食堂,17.53,支付宝
2026-06-12,S027,食堂,9.82,支付宝
2026-06-12,S093,饮料,16.67,微信
2026-06-12,S015,打印复印,2.49,支付宝
2026-06-12,S063,食堂,13.63,微信
2026-06-12,S062,食堂,15.28,支付宝
2026-06-12,S044,打印复印,3.27,银行卡
2026-06-12,S104,食堂,22.52,支付宝
2026-06-12,S092,水果店,25.04,微信
2026-06-12,S041,食堂,12.38,校园卡
2026-06-12,S093,食堂,29.78,校园卡
2026-06-12,S052,图书文具,24.32,支付宝
2026-06-12,S041,食堂,13.70,银行卡
2026-06-12,S109,超市,20.38,校园卡
2026-06-12,S006,食堂,14.79,微信
2026-06-12,S046,图书文具,30.67,微信
2026-06-12,S118,食堂,8.88,校园卡
2026-06-12,S110,水果店,18.26,支付宝
2026-06-12,S085,食堂,12.01,微信
2026-06-13,S100,图书文具,29.35,微信
2026-06-13,S023,超市,42.90,校园卡
2026-06-13,S060,水果店,13.72,银行卡
2026-06-13,S057,食堂,22.33,支付宝
2026-06-13,S023,食堂,16.60,校园卡
2026-06-13,S054,食堂,8.63,微信
2026-06-13,S054,水果店,28.49,校园卡
2026-06-13,S084,打印复印,4.64,校园卡
2026-06-13,S061,超市,32.06,微信
2026-06-13,S016,食堂,11.71,微信
2026-06-13,S054,超市,59.83,微信
2026-06-13,S051,体育健身,65.49,支付宝
2026-06-14,S107,超市,31.61,校园卡
2026-06-14,S011,图书文具,21.44,校园卡
2026-06-14,S101,饮料,2.93,微信
2026-06-14,S040,图书文具,50.14,微信
2026-06-14,S093,体育健身,37.29,微信
2026-06-14,S023,校园交通,1.00,支付宝
2026-06-14,S022,图书文具,46.61,校园卡
2026-06-14,S012,超市,41.06,校园卡
2026-06-14,S040,水果店,5.26,微信
2026-06-14,S047,超市,24.25,微信
2026-06-14,S099,超市,47.11,微信
2026-06-15,S008,水果店,27.71,支付宝
2026-06-15,S036,食堂,17.07,校园卡
2026-06-15,S090,食堂,19.56,校园卡
2026-06-15,S089,图书文具,29.32,校园卡
2026-06-15,S013,食堂,6.80,微信
2026-06-15,S054,食堂,18.66,校园卡
2026-06-15,S022,水果店,22.72,校园卡
2026-06-15,S035,超市,17.72,微信
2026-06-15,S036,食堂,26.96,校园卡
2026-06-15,S064,水果店,22.73,微信
2026-06-15,S002,饮料,8.75,校园卡
2026-06-15,S100,超市,48.97,校园卡
2026-06-15,S010,超市,12.70,微信
2026-06-15,S104,食堂,16.11,校园卡
2026-06-15,S107,水果店,20.34,银行卡
2026-06-15,S003,校园交通,4.53,微信
2026-06-15,S068,打印复印,9.36,微信
2026-06-15,S049,打印复印,0.50,校园卡
2026-06-15,S035,食堂,24.85,支付宝
2026-06-16,S029,食堂,15.38,校园卡
2026-06-16,S089,饮料,10.32,校园卡
2026-06-16,S026,打印复印,9.89,微信
2026-06-16,S041,饮料,3.65,支付宝
2026-06-16,S107,食堂,5.35,微信
2026-06-16,S096,校园交通,2.11,校园卡
2026-06-16,S017,超市,63.99,微信
2026-06-16,S090,食堂,17.94,微信
2026-06-16,S109,食堂,15.46,校园卡
2026-06-16,S009,水果店,19.31,微信
2026-06-16,S033,食堂,6.16,银行卡
2026-06-16,S035,食堂,10.43,校园卡
2026-06-16,S099,水果店,18.33,支付宝
2026-06-16,S086,食堂,15.16,微信
2026-06-16,S016,饮料,8.89,支付宝
2026-06-16,S032,食堂,23.18,支付宝
2026-06-16,S026,水果店,22.46,支付宝
2026-06-16,S047,打印复印,13.68,校园卡
2026-06-16,S033,食堂,11.85,支付宝
2026-06-16,S060,超市,41.92,支付宝
2026-06-16,S038,体育健身,37.53,支付宝
2026-06-16,S037,校园交通,1.48,校园卡
2026-06-17,S047,超市,72.05,支付宝
2026-06-17,S093,水果店,15.54,校园卡
2026-06-17,S097,食堂,5.00,校园卡
2026-06-17,S003,饮料,14.24,微信
2026-06-17,S021,校园交通,3.17,校园卡
2026-06-17,S120,水果店,17.61,微信
2026-06-17,S077,图书文具,14.33,支付宝
2026-06-17,S021,打印复印,0.69,校园卡
2026-06-17,S002,食堂,28.88,银行卡
2026-06-17,S064,超市,26.63,银行卡
2026-06-17,S055,饮料,7.02,校园卡
2026-06-17,S102,超市,38.75,微信
2026-06-17,S039,食堂,17.13,微信
2026-06-17,S109,打印复印,6.20,微信
2026-06-17,S070,图书文具,47.47,支付宝
2026-06-17,S023,超市,44.38,校园卡
2026-06-17,S035,校园交通,1.63,支付宝
2026-06-17,S005,打印复印,2.68,校园卡
2026-06-17,S088,食堂,13.93,支付宝
2026-06-18,S007,校园交通,2.39,微信
2026-06-18,S072,水果店,31.47,校园卡
2026-06-18,S050,校园交通,3.34,校园卡
2026-06-18,S078,食堂,15.58,支付宝
2026-06-18,S005,饮料,5.77,支付宝
2026-06-18,S047,水果店,23.41,支付宝
2026-06-18,S043,饮料,8.38,支付宝
2026-06-18,S086,图书文具,22.36,银行卡
2026-06-18,S071,超市,49.02,微信
2026-06-18,S065,超市,11.65,支付宝
2026-06-18,S111,饮料,11.61,支付宝
2026-06-18,S043,图书文具,14.77,支付宝
2026-06-18,S010,食堂,8.95,校园卡
2026-06-18,S062,超市,41.68,支付宝
2026-06-18,S003,打印复印,7.37,微信
2026-06-18,S016,超市,32.36,微信
2026-06-18,S099,超市,75.98,校园卡
2026-06-18,S004,食堂,14.91,微信
2026-06-18,S007,食堂,22.85,微信
2026-06-18,S111,食堂,8.80,校园卡
2026-06-19,S087,打印复印,12.20,支付宝
2026-06-19,S008,饮料,12.24,支付宝
2026-06-19,S011,图书文具,13.20,校园卡
2026-06-19,S107,食堂,10.86,微信
2026-06-19,S076,校园交通,3.41,微信
2026-06-19,S088,食堂,9.10,校园卡
2026-06-19,S057,食堂,14.43,微信
2026-06-19,S092,打印复印,10.37,微信
2026-06-19,S042,饮料,6.86,银行卡
2026-06-19,S008,校园交通,3.51,支付宝
2026-06-19,S091,食堂,22.63,微信
2026-06-19,S049,食堂,12.65,校园卡
2026-06-19,S010,打印复印,0.74,校园卡
2026-06-19,S026,水果店,15.53,支付宝
2026-06-19,S095,食堂,18.13,微信
2026-06-19,S113,校园交通,2.53,校园卡
2026-06-19,S046,食堂,24.12,微信
2026-06-19,S080,食堂,14.90,校园卡
2026-06-19,S090,饮料,7.80,微信
2026-06-19,S003,食堂,13.71,支付宝
2026-06-19,S071,图书文具,3.00,支付宝
2026-06-19,S086,水果店,23.83,校园卡
2026-06-20,S069,食堂,17.07,校园卡
2026-06-20,S053,超市,22.30,微信
2026-06-20,S086,食堂,23.53,微信
2026-06-20,S003,校园交通,4.26,校园卡
2026-06-20,S026,水果店,22.51,微信
2026-06-20,S053,水果店,10.49,微信
2026-06-20,S118,水果店,16.28,微信
2026-06-20,S108,超市,15.62,校园卡
2026-06-20,S016,超市,52.11,校园卡
2026-06-20,S027,图书文具,36.88,支付宝
2026-06-20,S094,食堂,13.74,微信
2026-06-21,S097,食堂,16.80,微信
2026-06-21,S008,超市,71.43,支付宝
2026-06-21,S024,图书文具,33.15,校园卡
2026-06-21,S099,饮料,5.43,校园卡
2026-06-21,S020,食堂,13.87,微信
2026-06-21,S020,超市,41.02,微信
2026-06-21,S013,食堂,5.00,支付宝
2026-06-21,S079,食堂,20.91,校园卡
2026-06-21,S008,食堂,20.95,微信
2026-06-21,S101,超市,25.57,支付宝
2026-06-21,S027,体育健身,52.03,微信
2026-06-22,S074,食堂,13.46,支付宝
2026-06-22,S107,超市,14.52,微信
2026-06-22,S007,食堂,11.75,微信
2026-06-22,S059,图书文具,6.13,支付宝
2026-06-22,S081,打印复印,1.88,微信
2026-06-22,S103,校园交通,3.82,校园卡
2026-06-22,S054,食堂,12.39,微信
2026-06-22,S039,饮料,3.81,银行卡
2026-06-22,S110,校园交通,3.16,微信
2026-06-22,S086,校园交通,1.00,微信
2026-06-22,S001,打印复印,4.85,微信
2026-06-22,S060,超市,38.40,支付宝
2026-06-22,S038,图书文具,7.94,支付宝
2026-06-22,S062,食堂,10.19,微信
2026-06-22,S016,超市,8.32,支付宝
2026-06-22,S103,打印复印,0.50,微信
2026-06-22,S011,图书文具,33.42,银行卡
2026-06-22,S112,饮料,4.72,校园卡
2026-06-22,S099,食堂,27.05,微信
2026-06-23,S071,图书文具,36.39,微信
2026-06-23,S104,超市,40.87,微信
2026-06-23,S077,食堂,14.03,支付宝
2026-06-23,S103,水果店,30.22,支付宝
2026-06-23,S110,食堂,17.58,微信
2026-06-23,S037,食堂,9.45,微信
2026-06-23,S091,水果店,19.84,银行卡
2026-06-23,S064,水果店,26.25,银行卡
2026-06-23,S042,食堂,20.65,微信
2026-06-23,S023,打印复印,0.50,支付宝
2026-06-23,S093,食堂,30.58,校园卡
2026-06-23,S055,打印复印,4.11,支付宝
2026-06-23,S052,饮料,5.44,校园卡
2026-06-23,S107,图书文具,48.50,微信
2026-06-23,S059,超市,36.62,银行卡
2026-06-23,S075,食堂,12.78,支付宝
2026-06-23,S017,超市,39.25,微信
2026-06-23,S095,食堂,13.84,微信
2026-06-23,S069,超市,39.95,支付宝
2026-06-23,S101,超市,46.47,银行卡
2026-06-24,S033,超市,40.56,校园卡
2026-06-24,S089,食堂,22.04,校园卡
2026-06-24,S119,食堂,19.03,校园卡
2026-06-24,S118,打印复印,6.22,微信
2026-06-24,S072,食堂,5.00,微信
2026-06-24,S074,图书文具,10.21,支付宝
2026-06-24,S012,打印复印,5.76,微信
2026-06-24,S068,饮料,7.73,微信
2026-06-24,S092,水果店,41.29,微信
2026-06-24,S023,食堂,14.27,校园卡
2026-06-24,S030,打印复印,5.84,支付宝
2026-06-24,S039,校园交通,4.26,校园卡
2026-06-24,S101,校园交通,4.37,微信
2026-06-24,S040,打印复印,12.72,微信
2026-06-24,S101,校园交通,1.85,微信
2026-06-24,S103,超市,6.00,微信
2026-06-24,S081,食堂,13.88,微信
2026-06-24,S113,食堂,16.28,支付宝
2026-06-24,S107,饮料,11.28,微信
2026-06-24,S035,水果店,27.23,校园卡
2026-06-24,S051,打印复印,2.27,校园卡
2026-06-24,S017,水果店,40.92,支付宝
2026-06-25,S011,食堂,9.10,校园卡
2026-06-25,S113,食堂,12.28,支付宝
2026-06-25,S102,食堂,13.17,微信
2026-06-25,S062,饮料,9.77,微信
2026-06-25,S072,打印复印,5.31,校园卡
2026-06-25,S112,食堂,14.91,校园卡
2026-06-25,S118,体育健身,10.34,支付宝
2026-06-25,S091,超市,57.54,微信
2026-06-25,S037,水果店,20.79,微信
2026-06-25,S078,食堂,13.55,校园卡
2026-06-25,S104,打印复印,1.62,微信
2026-06-25,S023,食堂,11.52,微信
2026-06-25,S044,超市,15.93,支付宝
2026-06-25,S028,超市,23.73,校园卡
2026-06-25,S003,超市,45.57,微信
2026-06-25,S015,水果店,27.90,校园卡
2026-06-25,S080,图书文具,26.96,微信
2026-06-25,S019,打印复印,2.04,支付宝
2026-06-25,S111,超市,59.13,支付宝
2026-06-25,S061,校园交通,3.59,微信
2026-06-25,S074,食堂,16.77,微信
2026-06-25,S057,饮料,3.75,支付宝
2026-06-26,S041,食堂,16.72,支付宝
2026-06-26,S060,食堂,20.94,微信
2026-06-26,S117,打印复印,7.54,微信
2026-06-26,S047,饮料,5.26,校园卡
2026-06-26,S024,打印复印,8.53,微信
2026-06-26,S093,食堂,27.15,微信
2026-06-26,S116,食堂,7.51,支付宝
2026-06-26,S113,超市,45.04,微信
2026-06-26,S077,食堂,19.41,微信
2026-06-26,S076,饮料,3.90,微信
2026-06-26,S051,食堂,17.56,校园卡
2026-06-26,S011,食堂,7.37,校园卡
2026-06-26,S002,打印复印,13.58,校园卡
2026-06-26,S046,食堂,22.63,微信
2026-06-26,S021,食堂,24.42,校园卡
2026-06-26,S010,水果店,25.31,微信
2026-06-26,S030,食堂,14.40,校园卡
2026-06-26,S068,超市,37.81,校园卡
2026-06-26,S107,食堂,8.40,支付宝
2026-06-26,S102,校园交通,1.88,微信
2026-06-26,S053,食堂,17.40,微信
2026-06-26,S017,水果店,33.20,微信
2026-06-26,S093,图书文具,67.68,支付宝
2026-06-27,S020,饮料,7.15,微信
2026-06-27,S079,超市,42.38,微信
2026-06-27,S046,饮料,9.30,校园卡
2026-06-27,S003,水果店,28.87,微信
2026-06-27,S024,体育健身,71.96,银行卡
2026-06-27,S101,校园交通,3.98,校园卡
2026-06-27,S055,打印复印,2.97,校园卡
2026-06-27,S088,打印复印,5.28,支付宝
2026-06-27,S036,超市,43.58,微信
2026-06-27,S107,超市,38.30,支付宝
2026-06-27,S100,食堂,9.63,微信
2026-06-28,S096,图书文具,33.57,支付宝
2026-06-28,S024,体育健身,48.56,校园卡
2026-06-28,S008,食堂,31.90,支付宝
2026-06-28,S082,超市,47.42,校园卡
2026-06-28,S100,超市,26.52,支付宝
2026-06-28,S039,超市,42.11,微信
2026-06-28,S065,打印复印,6.65,支付宝
2026-06-28,S025,超市,14.90,微信
2026-06-28,S119,图书文具,49.12,校园卡
2026-06-28,S075,水果店,20.54,银行卡
2026-06-28,S114,超市,45.82,微信
2026-06-28,S012,食堂,24.22,银行卡
2026-06-28,S029,图书文具,37.20,支付宝
2026-06-29,S033,食堂,10.43,银行卡
2026-06-29,S016,超市,30.98,校园卡
2026-06-29,S054,食堂,18.42,支付宝
2026-06-29,S109,食堂,18.31,校园卡
2026-06-29,S029,图书文具,17.18,银行卡
2026-06-29,S023,图书文具,57.87,校园卡
2026-06-29,S010,打印复印,6.44,校园卡
2026-06-29,S070,食堂,5.72,支付宝
2026-06-29,S024,水果店,19.63,银行卡
2026-06-29,S018,图书文具,72.19,微信
2026-06-29,S042,饮料,6.70,微信
2026-06-29,S113,食堂,7.61,微信
2026-06-29,S006,食堂,18.23,校园卡
2026-06-29,S091,超市,86.45,校园卡
2026-06-29,S030,图书文具,51.86,校园卡
2026-06-29,S070,食堂,15.53,校园卡
2026-06-29,S080,体育健身,76.13,微信
2026-06-29,S027,食堂,15.05,支付宝
2026-06-29,S113,食堂,18.80,支付宝
2026-06-29,S006,饮料,2.61,校园卡
2026-06-29,S117,食堂,12.35,校园卡
2026-06-29,S043,饮料,3.49,微信
2026-06-30,S092,超市,67.23,校园卡
2026-06-30,S096,超市,21.52,微信
2026-06-30,S096,食堂,14.17,微信
2026-06-30,S082,食堂,28.61,微信
2026-06-30,S078,食堂,18.26,校园卡
2026-06-30,S011,超市,42.82,支付宝
2026-06-30,S028,食堂,10.60,银行卡
2026-06-30,S024,打印复印,12.08,支付宝
2026-06-30,S003,食堂,24.80,校园卡
2026-06-30,S097,食堂,10.59,校园卡
2026-06-30,S083,打印复印,7.26,微信
2026-06-30,S035,图书文具,43.80,校园卡
2026-06-30,S010,图书文具,48.64,校园卡
2026-06-30,S043,水果店,19.26,支付宝
2026-06-30,S010,食堂,10.62,银行卡
2026-06-30,S068,打印复印,7.56,微信
2026-06-30,S067,打印复印,0.50,校园卡
2026-06-30,S073,水果店,19.66,微信
2026-06-30,S061,图书文具,5.19,微信
